uniprot,agi,release
A0A178U9N5,AT5G11450,2026_03
A0A178UA07,AT5G09760,2026_03
A0A178UFH0,AT5G59960,2026_03
A0A178UML4,AT5G17440,2026_03
A0A178US29,AT5G14210,2026_03
A0A178VC85,AT3G02420,2026_03
A0A178VEL3,AT3G01310,2026_03
A0A178VMD8,AT3G14150,2026_03
A0A178W0D3,AT1G65260,2026_03
A0A178W0K0,,2026_03
A0A1I9LL70,AT3G17970,2026_03
A0A1I9LLC0,AT3G14010,2026_03
A0A1I9LLN6,AT3G52370,2026_03
A0A1I9LM49,AT3G52155,2026_03
A0A1I9LM53,AT3G59350,2026_03
A0A1I9LM56,AT3G52840,2026_03
A0A1I9LM90,AT3G04610,2026_03
A0A1I9LMB4,AT3G27690,2026_03
A0A1I9LMI8,AT3G23450,2026_03
A0A1I9LMK8,AT3G47560,2026_03
A0A1I9LMQ7,AT3G23710,2026_03
A0A1I9LMR3,AT3G24590,2026_03
A0A1I9LMU3,AT3G48410,2026_03
A0A1I9LMY7,AT3G04920,2026_03
A0A1I9LN83,AT3G14790,2026_03
A0A1I9LNC0,AT3G56240,2026_03
A0A1I9LNQ7,AT3G02510,2026_03
A0A1I9LNS4,AT3G62120,2026_03
A0A1I9LNT2,AT3G61220,2026_03
A0A1I9LNZ1,AT3G07470,2026_03
A0A1I9LP02,AT3G51850,2026_03
A0A1I9LP28,AT3G06530,2026_03
A0A1I9LPC7,AT3G04760,2026_03
A0A1I9LPJ2,AT3G43810,2026_03
A0A1I9LPV5,AT3G21250,2026_03
A0A1I9LPZ1,AT3G50370,2026_03
A0A1I9LPZ9,AT3G03380,2026_03
A0A1I9LQ21,AT3G01380,2026_03
A0A1I9LQ23,AT3G15520,2026_03
A0A1I9LQB3,AT3G01500,2026_03
A0A1I9LQQ9,AT3G19950,2026_03
A0A1I9LR04,AT3G49470,2026_03
A0A1I9LR43,AT3G21240,2026_03
A0A1I9LRA3,AT3G20370,2026_03
A0A1I9LRI3,AT3G26290,2026_03
A0A1I9LRJ6,AT3G60370,2026_03
A0A1I9LRM3,AT3G07390,2026_03
A0A1I9LRS8,AT3G13300,2026_03
A0A1I9LSC2,AT3G07030,2026_03
A0A1I9LSC3,AT3G25580,2026_03
A0A1I9LSH2,AT3G62360,2026_03
A0A1I9LSK3,AT3G02260,2026_03
A0A1I9LSL6,AT3G07010,2026_03
A0A1I9LST4,AT3G15290,2026_03
A0A1I9LT21,AT3G45970,2026_03
A0A1I9LT44,AT3G23540,2026_03
A0A1I9LT48,AT3G25690,2026_03
A0A1I9LT68,AT3G61710,2026_03
A0A1I9LT70,AT3G54840,2026_03
A0A1I9LTQ6,AT3G10270,2026_03
A0A1I9LTR5,AT3G17040,2026_03
A0A1P8AM12,AT1G06190,2026_03
A0A1P8AM23,AT1G18700,2026_03
A0A1P8AM79,AT1G30000,2026_03
A0A1P8AMF1,AT1G03030,2026_03
A0A1P8AMI8,AT1G01950,2026_03
A0A1P8AMQ1,AT1G48090,2026_03
A0A1P8AMR1,AT1G11410,2026_03
A0A1P8AMS1,AT1G21400,2026_03
A0A1P8AMW2,AT1G21400,2026_03
A0A1P8AMX1,AT1G49630,2026_03
A0A1P8ANC2,AT1G50700,2026_03
A0A1P8ANE5,AT1G56145,2026_03
A0A1P8ANP3,AT1G28350,2026_03
A0A1P8ANX8,AT1G64200,2026_03
A0A1P8AP70,AT1G05560,2026_03
A0A1P8APG3,AT1G20190,2026_03
A0A1P8API2,AT1G47710,2026_03
A0A1P8APK3,AT1G01080,2026_03
A0A1P8APR6,AT1G12900,2026_03
A0A1P8APW3,AT1G16610,2026_03
A0A1P8APY5,AT1G22430,2026_03
A0A1P8AQ08,AT1G21630,2026_03
A0A1P8AQ69,AT1G70290,2026_03
A0A1P8AQ84,AT1G59990,2026_03
A0A1P8AQG8,AT1G45332,2026_03
A0A1P8AQS2,AT1G59900,2026_03
A0A1P8AQT8,AT1G65310,2026_03
A0A1P8AQY7,AT1G79830,2026_03
A0A1P8AR36,AT1G52070,2026_03
A0A1P8AR50,AT1G01320,2026_03
A0A1P8AR99,AT1G65580,2026_03
A0A1P8ARD2,AT1G79560,2026_03
A0A1P8ARF1,AT1G66520,2026_03
A0A1P8ARU9,AT1G52030,2026_03
A0A1P8ARX4,AT1G04160,2026_03
A0A1P8ARX7,AT1G71720,2026_03
A0A1P8AS28,AT1G55500,2026_03
A0A1P8ASF1,AT1G11300,2026_03
A0A1P8ASJ4,AT1G55980,2026_03
A0A1P8ASL0,AT1G72960,2026_03
A0A1P8ASL1,AT1G54340,2026_03
A0A1P8ASQ8,AT1G50460,2026_03
A0A1P8ASR5,AT1G56220,2026_03
A0A1P8AST0,AT1G07720,2026_03
A0A1P8ASY3,AT1G05385,2026_03
A0A1P8AT01,AT1G11660,2026_03
A0A1P8AT46,AT1G10200,2026_03
A0A1P8AT97,AT1G64790,2026_03
A0A1P8ATA9,AT1G07990,2026_03
A0A1P8ATB0,AT1G68100,2026_03
A0A1P8ATG5,AT1G20696,2026_03
A0A1P8ATL2,AT1G09340,2026_03
A0A1P8ATN7,AT1G50380,2026_03
A0A1P8ATW8,AT1G53120,2026_03
A0A1P8ATX5,AT1G50500,2026_03
A0A1P8ATX7,AT1G15290,2026_03
A0A1P8AU10,AT1G69295,2026_03
A0A1P8AU99,AT1G16460,2026_03
A0A1P8AUA0,AT1G51690,2026_03
A0A1P8AUC4,AT1G33960,2026_03
A0A1P8AUD8,AT1G01420,2026_03
A0A1P8AUM8,AT1G31180,2026_03
A0A1P8AUP4,AT1G27430,2026_03
A0A1P8AUR0,AT1G21170,2026_03
A0A1P8AUR4,AT1G03370,2026_03
A0A1P8AUU7,AT1G27390,2026_03
A0A1P8AUX7,AT1G14980,2026_03
A0A1P8AUZ9,AT1G13220,2026_03
A0A1P8AV08,AT1G11910,2026_03
A0A1P8AV73,AT1G52360,2026_03
A0A1P8AVD8,AT1G18270,2026_03
A0A1P8AVE9,AT1G06720,2026_03
A0A1P8AVI9,AT1G69800,2026_03
A0A1P8AVM2,AT1G31160,2026_03
A0A1P8AVQ6,AT1G51850,2026_03
A0A1P8AW83,AT1G50600,2026_03
A0A1P8AWA3,AT1G49340,2026_03
A0A1P8AWE7,AT1G71240,2026_03
A0A1P8AWM1,AT1G55810,2026_03
A0A1P8AWP1,AT1G73170,2026_03
A0A1P8AWP6,AT1G56000,2026_03
A0A1P8AWP9,AT1G31500,2026_03
A0A1P8AWQ1,AT1G62660,2026_03
A0A1P8AWX3,AT1G33590,2026_03
A0A1P8AX55,AT2G27020,2026_03
A0A1P8AX61,AT2G01755,2026_03
A0A1P8AX98,AT2G26780,2026_03
A0A1P8AXC1,AT2G30950,2026_03
A0A1P8AXC4,AT2G39330,2026_03
A0A1P8AXD8,AT2G36250,2026_03
A0A1P8AXK2,AT2G27810,2026_03
A0A1P8AXW4,AT2G23420,2026_03
A0A1P8AXX8,AT2G34310,2026_03
A0A1P8AY28,AT2G46560,2026_03
A0A1P8AY30,AT2G01420,2026_03
A0A1P8AY36,AT2G34480,2026_03
A0A1P8AYA1,AT2G37170,2026_03
A0A1P8AYE7,AT2G32040,2026_03
A0A1P8AYI3,AT2G29320,2026_03
A0A1P8AZ83,AT2G37080,2026_03
A0A1P8AZ84,AT2G39480,2026_03
A0A1P8AZH4,AT2G27450,2026_03
A0A1P8AZL4,AT2G26540,2026_03
A0A1P8AZM7,AT2G04650,2026_03
A0A1P8AZP9,AT2G32520,2026_03
A0A1P8AZS7,AT2G17420,2026_03
A0A1P8B0B7,AT2G02790,2026_03
A0A1P8B0L9,AT2G14110,2026_03
A0A1P8B0M4,AT2G20850,2026_03
A0A1P8B0W4,AT2G42010,2026_03
A0A1P8B103,AT2G37640,2026_03
A0A1P8B189,AT2G36640,2026_03
A0A1P8B1B5,AT2G05380,2026_03
A0A1P8B1D0,AT2G16485,2026_03
A0A1P8B1I9,AT2G25730,2026_03
A0A1P8B1L4,AT2G38750,2026_03
A0A1P8B1V1,AT2G37760,2026_03
A0A1P8B209,AT2G22795,2026_03
A0A1P8B223,AT2G35820,2026_03
A0A1P8B252,AT2G43560,2026_03
A0A1P8B279,AT2G29630,2026_03
A0A1P8B2D9,AT2G14260,2026_03
A0A1P8B2F0,AT2G02390,2026_03
A0A1P8B2L8,AT2G22660,2026_03
A0A1P8B2U9,AT2G24520,2026_03
A0A1P8B346,AT2G05530,2026_03
A0A1P8B3B6,AT4G23460,2026_03
A0A1P8B3K8,AT4G28400,2026_03
A0A1P8B3N6,AT4G39420,2026_03
A0A1P8B3S1,AT4G30210,2026_03
A0A1P8B3U2,AT4G16260,2026_03
A0A1P8B407,AT4G14240,2026_03
A0A1P8B413,AT4G13550,2026_03
A0A1P8B454,AT4G33200,2026_03
A0A1P8B475,AT4G27870,2026_03
A0A1P8B485,AT4G01800,2026_03
A0A1P8B490,AT4G26600,2026_03
A0A1P8B493,AT4G35360,2026_03
A0A1P8B4J3,AT4G04880,2026_03
A0A1P8B4P3,AT4G19510,2026_03
A0A1P8B4W3,AT4G14716,2026_03
A0A1P8B4X7,AT4G31750,2026_03
A0A1P8B577,AT4G27120,2026_03
A0A1P8B5K1,AT4G31210,2026_03
A0A1P8B5L7,AT4G01040,2026_03
A0A1P8B5L9,AT4G39660,2026_03
A0A1P8B5U2,AT4G34960,2026_03
A0A1P8B5Y3,AT4G35770,2026_03
A0A1P8B637,AT4G26555,2026_03
A0A1P8B644,AT4G18370,2026_03
A0A1P8B667,AT4G36760,2026_03
A0A1P8B687,AT4G13720,2026_03
A0A1P8B6F8,AT4G02120,2026_03
A0A1P8B6G3,AT4G19006,2026_03
A0A1P8B6J0,AT4G28220,2026_03
A0A1P8B6W3,AT4G31780,2026_03
A0A1P8B721,AT4G20720,2026_03
A0A1P8B770,AT4G17330,2026_03
A0A1P8B7C6,AT4G27860,2026_03
A0A1P8B7C8,AT4G02390,2026_03
A0A1P8B7F1,AT4G15930,2026_03
A0A1P8B7H4,AT4G20760,2026_03
A0A1P8B7M5,AT4G20930,2026_03
A0A1P8B7P6,AT4G31390,2026_03
A0A1P8B7W9,AT4G34490,2026_03
A0A1P8B7Z8,AT4G17615,2026_03
A0A1P8B849,AT4G26140,2026_03
A0A1P8B870,AT4G01320,2026_03
A0A1P8B894,AT4G12910,2026_03
A0A1P8B8H5,AT4G23190,2026_03
A0A1P8B8I4,AT4G28940,2026_03
A0A1P8B8I9,AT4G14680,2026_03
A0A1P8B8L9,AT4G23250,2026_03
A0A1P8B8R9,AT4G16660,2026_03
A0A1P8B8W5,AT4G23730,2026_03
A0A1P8B930,AT4G00170,2026_03
A0A1P8B937,AT4G38920,2026_03
A0A1P8B9J5,AT5G45500,2026_03
A0A1P8B9J8,AT5G08650,2026_03
A0A1P8B9K9,AT5G47840,2026_03
A0A1P8B9L6,AT5G23010,2026_03
A0A1P8B9P2,AT5G35100,2026_03
A0A1P8B9R0,AT5G18230,2026_03
A0A1P8B9U3,AT5G04885,2026_03
A0A1P8BAB8,AT5G27410,2026_03
A0A1P8BAJ3,AT5G52040,2026_03
A0A1P8BAQ0,AT5G53490,2026_03
A0A1P8BAU5,AT5G63840,2026_03
A0A1P8BAW5,AT5G50000,2026_03
A0A1P8BAY5,AT5G53850,2026_03
A0A1P8BBC4,AT5G15910,2026_03
A0A1P8BBL0,AT5G39340,2026_03
A0A1P8BBV1,AT5G19400,2026_03
A0A1P8BBW1,AT5G15270,2026_03
A0A1P8BBY4,AT5G05600,2026_03
A0A1P8BC80,AT5G57850,2026_03
A0A1P8BCG1,AT5G42770,2026_03
A0A1P8BCJ3,AT5G44380,2026_03
A0A1P8BCV2,AT5G36880,2026_03
A0A1P8BCX7,AT5G23060,2026_03
A0A1P8BD13,AT5G41340,2026_03
A0A1P8BD35,AT5G01300,2026_03
A0A1P8BD58,AT5G08590,2026_03
A0A1P8BD92,AT5G13640,2026_03
A0A1P8BDK9,AT5G38210,2026_03
A0A1P8BDP7,AT5G65460,2026_03
A0A1P8BDT6,AT5G05700,2026_03
A0A1P8BDV1,AT5G58450,2026_03
A0A1P8BE58,AT5G14220,2026_03
A0A1P8BEB3,AT5G11150,2026_03
A0A1P8BEF2,AT5G67385,2026_03
A0A1P8BEG1,AT5G42390,2026_03
A0A1P8BEG9,AT5G58410,2026_03
A0A1P8BEU1,AT5G27390,2026_03
A0A1P8BF32,AT5G42020,2026_03
A0A1P8BF77,AT5G02940,2026_03
A0A1P8BF80,AT5G40340,2026_03
A0A1P8BFC2,AT5G23750,2026_03
A0A1P8BFP6,AT5G17550,2026_03
A0A1P8BFZ5,AT5G58040,2026_03
A0A1P8BG37,AT5G23120,2026_03
A0A1P8BG38,AT5G42740,2026_03
A0A1P8BGH2,AT5G50860,2026_03
A0A1P8BGI7,AT5G17530,2026_03
A0A1P8BGT5,AT5G11950,2026_03
A0A1P8BGW0,AT5G36170,2026_03
A0A1P8BGZ1,AT5G51200,2026_03
A0A1P8BGZ7,AT5G53870,2026_03
A0A1P8BH17,AT5G44090,2026_03
A0A1P8BH66,AT5G60210,2026_03
A0A1P8BH73,AT5G54430,2026_03
A0A1P8BHI7,AT5G08000,2026_03
A0A1R7T377,AT5G27560,2026_03
A0A1R7T3C8,AT5G39790,2026_03
A0A1R7T3E0,AT5G20360,2026_03
A0A1R7T3J1,AT5G48370,2026_03
A0A1R7T3K7,AT5G43430,2026_03
A0A219HZH3,AT5G46110,2026_03
A0A2H1ZE19,AT2G17695,2026_03
A0A2H1ZE34,AT2G40410,2026_03
A0A2H1ZEA9,AT1G11860,2026_03
A0A2H1ZEC4,AT1G26230,2026_03
A0A2H1ZEE9,AT1G55310,2026_03
A0A2H1ZEJ0,AT3G45850,2026_03
A0A2H1ZEJ8,AT3G47930,2026_03
A0A2H1ZEM8,AT4G14570,2026_03
A0A2P2CLF3,,2026_03
A0A2P2CLF6,,2026_03
A0A2P2CLF9,,2026_03
A0A2P2CLH9,,2026_03
A0JQ00,,2026_03
A0JQ12,,2026_03
A0MFS5,AT4G01037,2026_03
A1A6H3,AT1G17160,2026_03
A1A6M1,AT4G13670,2026_03
A1L4Y4,,2026_03
A2RVJ8,AT5G10010,2026_03
A2RVM0,AT4G23430,2026_03
A2RVS6,AT3G49430,2026_03
A2RVV4,,2026_03
A3KPF2,AT5G49020,2026_03
A4FVN8,AT1G10580,2026_03
A4FVS9,,2026_03
A4GNA8,AT4G25970,2026_03
A4GSN8,AT1G79280,2026_03
A4IJ41,AT3G10840,2026_03
A7WM73,AT3G55260,2026_03
A8MPR5,AT3G16290,2026_03
A8MQ78,AT5G37720,2026_03
A8MQ96,AT5G09510,2026_03
A8MQA1,AT3G49010,2026_03
A8MQE5,AT1G51980,2026_03
A8MQH0,AT5G15320,2026_03
A8MQH3,AT1G53730,2026_03
A8MQK3,AT3G15020,2026_03
A8MQL8,AT5G15230,2026_03
A8MQN9,AT5G23210,2026_03
A8MQP0,AT2G22970,2026_03
A8MQP6,AT4G10480,2026_03
A8MQR4,AT3G09200,2026_03
A8MQR6,AT2G14170,2026_03
A8MQX0,AT1G23080,2026_03
A8MQY4,AT5G14740,2026_03
A8MR02,AT5G26280,2026_03
A8MR14,AT1G64650,2026_03
A8MR27,AT1G43190,2026_03
A8MR40,AT4G28480,2026_03
A8MR47,AT1G79230,2026_03
A8MR72,AT2G26210,2026_03
A8MR97,AT3G60240,2026_03
A8MRG3,AT1G55840,2026_03
A8MRI5,AT1G71920;AT5G10330,2026_03
A8MRK6,AT2G19480,2026_03
A8MRM0,AT1G14570,2026_03
A8MRP2,AT2G24390,2026_03
A8MRQ5,AT4G22485,2026_03
A8MRW1,AT2G45960,2026_03
A8MRX0,AT1G12140,2026_03
A8MS32,AT5G64130,2026_03
A8MS48,AT5G16660,2026_03
A8MS68,AT3G16950,2026_03
A8MS85,AT1G65440,2026_03
A8MSD8,,2026_03
A8R7E6,AT3G21630,2026_03
A8R7K9,AT3G51310,2026_03
B0F9L4,AT3G27530,2026_03
B3H4B6,AT4G39200,2026_03
B3H581,AT2G47940,2026_03
B3H5K9,AT5G05970,2026_03
B3H5L3,AT1G73180,2026_03
B3H5V4,AT1G51710,2026_03
B3H5W6,AT5G35180,2026_03
B3H604,AT5G40370,2026_03
B3H609,AT5G03540,2026_03
B3H658,AT3G49680,2026_03
B3H661,AT1G42480,2026_03
B3H684,AT4G26110,2026_03
B3H6I9,AT4G05420,2026_03
B3H6J5,AT3G49601,2026_03
B3H745,AT5G35180,2026_03
B3H778,AT4G24830,2026_03
B3H7H1,AT3G07300,2026_03
B3H7I9,AT1G64110,2026_03
B3H7N1,AT5G16120,2026_03
B3LFA4,AT5G38830,2026_03
B5X0I6,AT2G06210,2026_03
B5X503,AT5G11240,2026_03
B6EUA5,AT1G12250,2026_03
B7ZWR6,AT5G21990,2026_03
B9DFG3,AT1G70070,2026_03
B9DFI7,AT1G26850,2026_03
B9DFK5,AT2G37860,2026_03
B9DFQ9,AT5G37510,2026_03
B9DFR6,AT3G59760,2026_03
B9DG17,AT1G72370,2026_03
B9DG18,AT1G20620,2026_03
B9DG21,AT4G31990,2026_03
B9DG54,,2026_03
B9DG63,,2026_03
B9DGD6,AT5G36880,2026_03
B9DGT7,AT1G50010,2026_03
B9DH36,AT1G17890,2026_03
B9DH52,AT1G08110,2026_03
B9DH97,AT2G33120,2026_03
B9DHD7,AT1G08820,2026_03
B9DHK3,AT5G14540,2026_03
B9DHQ0,AT5G19780,2026_03
C0LGD7,AT1G06840,2026_03
C0LGE0,AT1G07650,2026_03
C0LGG6,AT1G51890,2026_03
C0LGG8,AT1G53430,2026_03
C0LGG9,AT1G53440,2026_03
C0LGH2,AT1G56130,2026_03
C0LGK4,AT2G16250,2026_03
C0LGM1,,2026_03
C0LGN2,AT3G14840,2026_03
C0LGP9,AT3G56100,2026_03
C0LGQ9,AT4G20940,2026_03
C0LGT1,AT5G10290,2026_03
C0Z241,AT1G69530,2026_03
C0Z268,AT4G26700,2026_03
C0Z2J1,,2026_03
C0Z352,AT3G46000,2026_03
C0Z361,AT5G56500,2026_03
D7SFH9,AT1G66980,2026_03
F4HNU6,AT1G06900,2026_03
F4HPS0,AT1G53165,2026_03
F4HQ17,AT1G66880,2026_03
F4HQ30,AT1G66970,2026_03
F4HQ84,AT1G73430,2026_03
F4HQ87,AT1G73450,2026_03
F4HQA8,,2026_03
F4HQD4,AT1G79920,2026_03
F4HQE1,AT1G79940,2026_03
F4HQE7,AT1G79990,2026_03
F4HQH8,AT1G01080,2026_03
F4HQN3,AT1G07440,2026_03
F4HQZ1,,2026_03
F4HR91,,2026_03
F4HRS2,AT1G67140,2026_03
F4HRT5,AT1G67230,2026_03
F4HS17,AT1G73920,2026_03
F4HS63,AT1G80380,2026_03
F4HS76,AT1G80460,2026_03
F4HST9,AT1G20510,2026_03
F4HSX1,AT1G27450,2026_03
F4HSX9,AT1G27500,2026_03
F4HSY9,AT1G27580,2026_03
F4HTA0,AT1G47540,2026_03
F4HTA1,AT1G47550,2026_03
F4HTM3,AT1G67490,2026_03
F4HTN8,,2026_03
F4HTT6,AT1G74070,2026_03
F4HUG9,AT1G14210,2026_03
F4HUK6,AT1G20560,2026_03
F4HUX0,AT1G34220,2026_03
F4HV67,AT1G54080,2026_03
F4HV96,AT1G54270,2026_03
F4HVV7,AT1G02080,2026_03
F4HVW5,AT1G02120,2026_03
F4HVZ5,AT1G02330,2026_03
F4HW26,AT1G08420,2026_03
F4HWB0,,2026_03
F4HWC3,AT1G20970,2026_03
F4HWL4,AT1G28350,2026_03
F4HWQ5,AT1G35160,2026_03
F4HWQ8,AT1G47960,2026_03
F4HWR0,AT1G47980,2026_03
F4HWS5,AT1G48110,2026_03
F4HWU0,AT1G48210,2026_03
F4HWZ6,AT1G54630,2026_03
F4HX50,AT1G62180,2026_03
F4HXD2,AT1G74920,2026_03
F4HXV6,AT1G14850,2026_03
F4HXY8,AT1G15120,2026_03
F4HXZ1,AT1G15130,2026_03
F4HYC0,AT1G35340,2026_03
F4HYF3,AT1G48420,2026_03
F4HYQ1,AT1G55160,2026_03
F4HZB5,AT1G03080,2026_03
F4HZE0,AT1G09130,2026_03
F4HZG9,AT1G09300,2026_03
F4HZI8,,2026_03
F4HZS8,AT1G22060,2026_03
F4I032,AT1G48850,2026_03
F4I061,AT1G49040,2026_03
F4I082,AT1G55260,2026_03
F4I0K2,AT1G69200,2026_03
F4I0N7,AT1G75750,2026_03
F4I0P8,AT1G75850,2026_03
F4I0Z0,AT1G09440,2026_03
F4I114,AT1G09600,2026_03
F4I116,AT1G09620,2026_03
F4I1L9,AT1G36280,2026_03
F4I2A1,AT1G76140,2026_03
F4I2S4,AT1G16020,2026_03
F4I2Z0,AT1G22700,2026_03
F4I313,AT1G22870,2026_03
F4I353,AT1G29840,2026_03
F4I354,AT1G29850,2026_03
F4I366,AT1G29940,2026_03
F4I378,AT1G29980,2026_03
F4I3B3,AT1G49600,2026_03
F4I3C3,AT1G49670,2026_03
F4I3J0,AT1G56050,2026_03
F4I3M3,AT1G63500,2026_03
F4I3N6,AT1G63610,2026_03
F4I3P9,AT1G63680,2026_03
F4I3R0,AT1G63770,2026_03
F4I3X3,AT1G70100,2026_03
F4I420,AT1G76810,2026_03
F4I450,AT1G04080,2026_03
F4I4X6,AT1G50030,2026_03
F4I576,AT1G63940,2026_03
F4I596,AT1G64090,2026_03
F4I5J7,AT1G77020,2026_03
F4I5P3,AT1G04510,2026_03
F4I6B2,,2026_03
F4I6B4,AT1G30470,2026_03
F4I6G9,AT1G30820,2026_03
F4I6V2,,2026_03
F4I7B6,AT1G10940,2026_03
F4I7I0,AT1G17290,2026_03
F4I7M5,AT1G23820,2026_03
F4I7V2,AT1G31070,2026_03
F4I7X1,AT1G41830,2026_03
F4I891,AT1G64770,2026_03
F4I8B9,AT1G65010,2026_03
F4I8Q1,AT1G05320,2026_03
F4I907,AT1G17650,2026_03
F4I983,AT1G24300,2026_03
F4I9A1,AT1G24460,2026_03
F4I9J7,AT1G51510,2026_03
F4I9P8,AT1G58025,2026_03
F4IA20,,2026_03
F4IA30,,2026_03
F4IA34,AT1G71820,2026_03
F4IA48,AT1G78150,2026_03
F4IAF6,AT1G05960,2026_03
F4IAG1,AT1G11720,2026_03
F4IAH8,AT1G11820,2026_03
F4IAP5,AT1G18270,2026_03
F4IAX0,AT1G31690,2026_03
F4IB63,AT1G51805,2026_03
F4IB81,AT1G51940,2026_03
F4IBH5,AT1G65540,2026_03
F4IBL0,AT1G65820,2026_03
F4IBS8,AT1G78620,2026_03
F4IBT7,AT1G78680,2026_03
F4IBX4,AT1G78915,2026_03
F4IC59,AT1G12230,2026_03
F4ICC6,AT1G18730,2026_03
F4ICJ5,AT1G25570,2026_03
F4ICK8,AT1G32130,2026_03
F4ICX9,AT1G52410,2026_03
F4IDB3,AT1G72410,2026_03
F4IDE8,,2026_03
F4IDJ0,AT1G79150,2026_03
F4IDS7,AT1G12470,2026_03
F4IE14,AT1G19140,2026_03
F4IEC7,AT1G32790,2026_03
F4IEK8,AT1G52780,2026_03
F4IF15,AT1G72970,2026_03
F4IFA9,,2026_03
F4IFC5,AT2G04842,2026_03
F4IFF0,AT2G14045,2026_03
F4IFG2,AT2G14120,2026_03
F4IFM6,AT2G20990,2026_03
F4IFM7,AT2G20990,2026_03
F4IFQ0,AT2G27210,2026_03
F4IFZ9,AT2G39800,2026_03
F4IG73,AT2G45540,2026_03
F4IGR4,AT2G27720,2026_03
F4IH74,AT2G45990,2026_03
F4IH88,AT2G46100,2026_03
F4IHJ8,AT2G21580,2026_03
F4IHU8,,2026_03
F4IHW4,AT2G34470,2026_03
F4IHY7,AT2G34640,2026_03
F4II29,,2026_03
F4IIM1,AT2G22125,2026_03
F4IIN7,AT2G28360,2026_03
F4IIQ3,AT2G28470,2026_03
F4IIU4,AT2G34680,2026_03
F4IJ44,AT2G41100,2026_03
F4IJE1,,2026_03
F4IJM1,AT2G28800,2026_03
F4IJW3,AT2G35390,2026_03
F4IKK4,AT2G22990,2026_03
F4IKM1,AT2G29340,2026_03
F4IL68,AT2G07360,2026_03
F4ILE0,AT2G16940,2026_03
F4ILE5,AT2G23010,2026_03
F4ILG6,AT2G23140,2026_03
F4IM05,AT2G42130,2026_03
F4IMR0,AT2G30200,2026_03
F4IN36,AT2G42500,2026_03
F4INU4,AT2G30520,2026_03
F4IP13,AT2G36810,2026_03
F4IP22,AT2G36870,2026_03
F4IP53,AT2G42590,2026_03
F4IPA6,AT2G01690,2026_03
F4IPJ1,AT2G17930,2026_03
F4IPW5,AT2G31060,2026_03
F4IPY2,AT2G31170,2026_03
F4IQ05,AT2G37130,2026_03
F4IR82,AT2G02570,2026_03
F4IRM4,AT2G25290,2026_03
F4IRR2,AT2G31660,2026_03
F4IRX7,AT2G37970,2026_03
F4IS20,AT2G43640,2026_03
F4ISU2,AT2G32240,2026_03
F4ISY3,AT2G38400,2026_03
F4IT21,AT2G43945,2026_03
F4ITB8,,2026_03
F4IU09,AT2G38960,2026_03
F4IUD7,AT2G20050,2026_03
F4IUJ0,AT2G26340,2026_03
F4IUX6,AT2G39260,2026_03
F4IV16,AT2G44750,2026_03
F4IV18,AT2G44760,2026_03
F4IVL6,AT2G26890,2026_03
F4IVN6,AT2G27030,2026_03
F4IVP3,AT2G27060,2026_03
F4IVR2,AT2G33210,2026_03
F4IVY6,AT2G39670,2026_03
F4IW05,,2026_03
F4IW10,AT2G45030,2026_03
F4IW47,AT2G45290,2026_03
F4IWG2,AT3G27325,2026_03
F4IWK4,AT3G27570,2026_03
F4IWV2,AT3G55410,2026_03
F4IX01,AT3G61870,2026_03
F4IX23,AT3G62010,2026_03
F4IXW2,AT3G43300,2026_03
F4IY75,AT3G56130,2026_03
F4IYF8,AT3G02760,2026_03
F4IYH1,AT3G02870,2026_03
F4IYH7,AT3G02900,2026_03
F4IYK3,,2026_03
F4IYK6,AT3G08960,2026_03
F4IYM4,AT3G09090,2026_03
F4IYR7,AT3G15410,2026_03
F4IZ56,AT3G43540,2026_03
F4IZV9,AT3G09250,2026_03
F4J034,AT3G15840,2026_03
F4J043,AT3G15880,2026_03
F4J0J9,AT3G50210,2026_03
F4J0P2,AT3G50590,2026_03
F4J0U9,AT3G56940,2026_03
F4J110,AT3G63460,2026_03
F4J117,AT3G01510,2026_03
F4J152,,2026_03
F4J153,,2026_03
F4J1U2,,2026_03
F4J1V2,AT3G44110,2026_03
F4J1Y2,AT3G44340,2026_03
F4J2K2,AT3G10160,2026_03
F4J2T9,,2026_03
F4J2Z7,AT3G29250,2026_03
F4J355,AT3G44620,2026_03
F4J381,AT3G51050,2026_03
F4J3E6,AT3G57520,2026_03
F4J3M2,AT3G04260,2026_03
F4J3N2,AT3G04340,2026_03
F4J3Q1,,2026_03
F4J447,AT3G23600,2026_03
F4J464,AT3G23670,2026_03
F4J4T3,AT3G04600,2026_03
F4J4V4,AT3G04710,2026_03
F4J504,AT3G10920,2026_03
F4J573,AT3G17520,2026_03
F4J5A7,AT3G23900,2026_03
F4J5I0,,2026_03
F4J5M5,AT3G51880,2026_03
F4J5M9,AT3G51890,2026_03
F4J5R9,AT3G52140,2026_03
F4J5T2,AT3G52200,2026_03
F4J5Y7,AT3G58690,2026_03
F4J6A1,AT3G11400,2026_03
F4J6A8,AT3G11450,2026_03
F4J6F6,AT3G17850,2026_03
F4J6Z1,AT3G52560,2026_03
F4J738,AT3G59020,2026_03
F4J741,AT3G59040,2026_03
F4J7C4,AT3G05520,2026_03
F4J7I2,,2026_03
F4J7Z8,AT3G46220,2026_03
F4J8D3,AT3G01780,2026_03
F4J8G7,AT3G05680,2026_03
F4J8J7,,2026_03
F4J8K6,AT3G11964,2026_03
F4J8L3,AT3G12020,2026_03
F4J8M2,AT3G12080,2026_03
F4J912,AT3G25520,2026_03
F4J9A0,AT3G53180,2026_03
F4J9G2,AT3G59780,2026_03
F4J9K9,,2026_03
F4J9U2,,2026_03
F4J9W8,AT3G18860,2026_03
F4J9Y8,AT3G19000,2026_03
F4JA39,AT3G25680,2026_03
F4JAB7,AT3G47040,2026_03
F4JAE0,,2026_03
F4JAF3,AT3G53460,2026_03
F4JAF4,AT3G53470,2026_03
F4JAG3,AT3G53520,2026_03
F4JAU3,AT3G06300,2026_03
F4JBC5,AT3G26020,2026_03
F4JBH5,AT3G47340,2026_03
F4JBP8,,2026_03
F4JBV0,AT3G60510,2026_03
F4JBY2,AT3G60750,2026_03
F4JC97,AT3G13330,2026_03
F4JCC9,AT3G19740,2026_03
F4JCF9,AT3G19960,2026_03
F4JCI4,AT3G26380,2026_03
F4JCM5,AT3G33530,2026_03
F4JCU3,AT3G54250,2026_03
F4JCX1,,2026_03
F4JDC3,AT3G13460,2026_03
F4JDY4,AT3G48380,2026_03
F4JE40,AT3G54860,2026_03
F4JEJ0,AT3G13790,2026_03
F4JEJ3,AT3G13800,2026_03
F4JEL5,AT3G13920,2026_03
F4JET6,AT3G20810,2026_03
F4JF21,AT3G48500,2026_03
F4JFN3,AT3G07770,2026_03
F4JFN7,,2026_03
F4JFR1,AT3G14110,2026_03
F4JG03,,2026_03
F4JGD2,AT4G04460,2026_03
F4JGL5,AT4G05020,2026_03
F4JGR5,AT4G04040,2026_03
F4JGY0,AT4G04830,2026_03
F4JH69,AT4G02030,2026_03
F4JHH5,AT4G02350,2026_03
F4JHJ0,AT4G02450,2026_03
F4JHW1,AT4G02860,2026_03
F4JI11,,2026_03
F4JI63,,2026_03
F4JIE1,AT4G14710,2026_03
F4JIN3,AT4G21180,2026_03
F4JIW8,AT4G33360,2026_03
F4JJL6,AT4G21620,2026_03
F4JJP1,AT4G27595,2026_03
F4JJT9,AT4G33760,2026_03
F4JJY7,AT4G34090,2026_03
F4JK17,AT4G09520,2026_03
F4JKH6,AT4G28080,2026_03
F4JKM2,AT4G34230,2026_03
F4JKW0,AT4G10000,2026_03
F4JKZ9,AT4G16060,2026_03
F4JL11,AT4G16143,2026_03
F4JL28,AT4G22140,2026_03
F4JLJ2,AT4G10060,2026_03
F4JLK2,AT4G10120,2026_03
F4JLM5,AT4G10320,2026_03
F4JLP5,AT4G16155,2026_03
F4JLQ2,AT4G16180,2026_03
F4JLV4,AT4G22470,2026_03
F4JLV7,AT4G22505,2026_03
F4JLY4,AT4G22690,2026_03
F4JM19,AT4G28710,2026_03
F4JM22,,2026_03
F4JM86,AT4G35090,2026_03
F4JML5,AT4G16800,2026_03
F4JN13,AT4G35450,2026_03
F4JN38,AT4G35600,2026_03
F4JNE1,AT4G17100,2026_03
F4JNE2,AT4G17140,2026_03
F4JPJ7,AT4G30190,2026_03
F4JPR7,AT4G11740,2026_03
F4JPZ7,AT4G17830,2026_03
F4JQ90,AT4G30310,2026_03
F4JQ95,AT4G30340,2026_03
F4JQE2,AT4G30720,2026_03
F4JQG6,AT4G36700,2026_03
F4JQH3,AT4G36760,2026_03
F4JQJ7,,2026_03
F4JQZ0,AT4G24550,2026_03
F4JR68,AT4G31080,2026_03
F4JRE0,AT4G12650,2026_03
F4JRE7,AT4G12720,2026_03
F4JRN8,AT4G18810,2026_03
F4JRW3,AT4G31170,2026_03
F4JRY2,AT4G31300,2026_03
F4JRY9,AT4G31340,2026_03
F4JSG6,AT4G19150,2026_03
F4JSM3,AT4G25450,2026_03
F4JSY9,AT4G38160,2026_03
F4JT38,AT4G13590,2026_03
F4JTE7,AT4G25840,2026_03
F4JTF2,AT4G31880,2026_03
F4JTI1,AT4G32070,2026_03
F4JTK8,AT4G38220,2026_03
F4JTN1,AT4G38350,2026_03
F4JTP5,AT4G38470,2026_03
F4JUM1,AT4G14160,2026_03
F4JUX3,AT4G26310,2026_03
F4JV77,,2026_03
F4JV80,AT4G32915,2026_03
F4JVN6,AT4G20850,2026_03
F4JVV4,AT4G32930,2026_03
F4JVX1,AT4G33050,2026_03
F4JVY8,AT4G33150,2026_03
F4JW69,AT5G04230,2026_03
F4JWF6,AT5G11200,2026_03
F4JWN4,AT5G18420,2026_03
F4JWV5,AT5G34940,2026_03
F4JXM5,AT5G65930,2026_03
F4JXM9,,2026_03
F4JXV9,AT5G11490,2026_03
F4JXW2,AT5G11500,2026_03
F4JXW9,,2026_03
F4JXY5,AT5G11700,2026_03
F4JY11,AT5G18520,2026_03
F4JY24,AT5G18620,2026_03
F4JY76,AT5G25754;AT5G25757,2026_03
F4JYB8,AT5G35160,2026_03
F4JYL8,,2026_03
F4JYQ8,AT5G53860,2026_03
F4JYX9,AT5G60360,2026_03
F4JZ17,AT5G66040,2026_03
F4JZG9,AT5G12130,2026_03
F4JZM1,AT5G19110,2026_03
F4JZX8,,2026_03
F4JZY1,AT5G41790,2026_03
F4K000,AT5G41970,2026_03
F4K015,AT5G42080,2026_03
F4K0E8,AT5G60600,2026_03
F4K0K7,AT5G66400,2026_03
F4K0M7,AT5G66550,2026_03
F4K0R0,,2026_03
F4K0T7,AT5G05740,2026_03
F4K116,AT5G13000,2026_03
F4K124,AT5G19280,2026_03
F4K1G7,AT5G35970,2026_03
F4K1P8,AT5G48440,2026_03
F4K1Z0,AT5G61020,2026_03
F4K203,AT5G61140,2026_03
F4K250,,2026_03
F4K2A1,AT5G05980,2026_03
F4K2E9,AT5G13010,2026_03
F4K2P2,AT5G19940,2026_03
F4K2Y3,AT5G36210,2026_03
F4K329,,2026_03
F4K3A9,AT5G48960,2026_03
F4K3U8,AT5G06440,2026_03
F4K3Y1,AT5G06690,2026_03
F4K410,AT5G13650,2026_03
F4K452,AT5G20140,2026_03
F4K470,AT5G20250,2026_03
F4K487,AT5G20360,2026_03
F4K4D5,AT5G27640,2026_03
F4K4E3,AT5G27720,2026_03
F4K4Y5,AT5G55660,2026_03
F4K5B9,,2026_03
F4K5I3,AT5G14250,2026_03
F4K5J1,AT5G20490,2026_03
F4K5K6,AT5G20610,2026_03
F4K5T6,AT5G28050,2026_03
F4K658,,2026_03
F4K6M8,AT5G07340,2026_03
F4K6X6,,2026_03
F4K6Y8,AT5G21060,2026_03
F4K6Z4,AT5G21105,2026_03
F4K703,AT5G21160,2026_03
F4K7C5,AT5G43900,2026_03
F4K7E0,AT5G43960,2026_03
F4K7F4,AT5G49830,2026_03
F4K7T6,AT5G62790,2026_03
F4K875,AT5G14740,2026_03
F4K9G7,AT5G01670,2026_03
F4K9Y6,AT5G22620,2026_03
F4KA67,AT5G38360,2026_03
F4KAG0,AT5G50840,2026_03
F4KAS6,AT5G63620,2026_03
F4KB73,,2026_03
F4KBF3,AT5G23050,2026_03
F4KBP3,AT5G44785,2026_03
F4KBV0,AT5G51110,2026_03
F4KC57,AT5G63880,2026_03
F4KCL2,AT5G09390,2026_03
F4KCQ9,AT5G16280,2026_03
F4KCR8,AT5G16300,2026_03
F4KDI1,AT5G58060,2026_03
F4KDI6,AT5G58100,2026_03
F4KDK1,,2026_03
F4KDP8,AT5G64460,2026_03
F4KE63,AT5G16715,2026_03
F4KEU1,AT5G52200,2026_03
F4KEV7,AT5G58240,2026_03
F4KF14,AT5G64580,2026_03
F4KFD7,AT5G09900,2026_03
F4KFJ2,AT5G16880,2026_03
F4KFT7,AT5G32470,2026_03
F4KFV6,AT5G39830,2026_03
F4KG14,AT5G46070,2026_03
F4KG52,AT5G52300,2026_03
F4KG64,AT5G52410,2026_03
F4KG91,AT5G52580,2026_03
F4KGP6,AT5G03660,2026_03
F4KGV2,AT5G10450,2026_03
F4KHA2,AT5G40170,2026_03
F4KHD5,AT5G40450,2026_03
F4KHD8,AT5G40480,2026_03
F4KHF4,AT5G46290,2026_03
F4KHG6,AT5G46390,2026_03
F4KHJ7,AT5G46630,2026_03
F4KHS2,AT5G59090,2026_03
F4KHU8,AT5G59290,2026_03
F4KIB2,AT5G10840,2026_03
F4KIH8,AT5G24710,2026_03
F4KII6,AT5G24770,2026_03
F4KIJ2,AT5G24810,2026_03
O03042,ATCG00490,2026_03
O03983,AT1G01470,2026_03
O03986,AT5G56000,2026_03
O04005,AT1G48130,2026_03
O04023,AT1G09070,2026_03
O04086,AT1G11050,2026_03
O04130,AT1G17745,2026_03
O04147,AT4G18930,2026_03
O04151,AT1G56340,2026_03
O04153,AT1G08450,2026_03
O04157,AT1G22740,2026_03
O04196,AT2G39930,2026_03
O04200,AT2G39970,2026_03
O04202,AT2G39990,2026_03
O04209,AT2G40060,2026_03
O04265,,2026_03
O04308,AT3G16480,2026_03
O04309,AT3G16470,2026_03
O04310,AT3G16460,2026_03
O04311,AT3G16450,2026_03
O04313,AT3G16430,2026_03
O04314,AT3G16420,2026_03
O04316,AT3G16410,2026_03
O04318,AT3G16390,2026_03
O04331,AT5G40770,2026_03
O04350,AT2G30410,2026_03
O04373,AT1G51760,2026_03
O04379,AT1G48410,2026_03
O04420,AT2G26230,2026_03
O04450,AT1G24510,2026_03
O04482,AT1G65650,2026_03
O04486,AT1G09630,2026_03
O04487,AT1G09640,2026_03
O04496,AT1G09750,2026_03
O04499,AT1G09780,2026_03
O04567,AT1G27190,2026_03
O04603,AT4G01310,2026_03
O04616,AT4G01150,2026_03
O04619,AT4G01100,2026_03
O04630,AT5G26830,2026_03
O04658,AT5G27120,2026_03
O04663,AT5G35620,2026_03
O04904,AT4G22930,2026_03
O04905,AT5G26667,2026_03
O04922,AT2G31570,2026_03
O04928,AT1G62430,2026_03
O04983,AT5G35360,2026_03
O22100,AT3G63260,2026_03
O22126,AT2G45470,2026_03
O22149,AT2G45220,2026_03
O22160,AT2G44920,2026_03
O22173,AT2G23350,2026_03
O22203,AT2G40890,2026_03
O22218,AT2G41560,2026_03
O22229,AT2G41680,2026_03
O22263,AT2G47470,2026_03
O22265,AT2G47450,2026_03
O22287,AT2G39770,2026_03
O22315,AT1G02840,2026_03
O22446,AT4G38130,2026_03
O22467,AT5G58230,2026_03
O22469,AT4G35050,2026_03
O22476,AT4G39400,2026_03
O22527,AT1G19670,2026_03
O22607,AT2G19520,2026_03
O22609,AT3G27925,2026_03
O22682,AT3G03630,2026_03
O22683,AT3G23490,2026_03
O22704,AT1G60660,2026_03
O22715,AT1G60780,2026_03
O22764,AT4G02630,2026_03
O22765,AT4G02610,2026_03
O22769,AT4G02580,2026_03
O22773,AT4G02530,2026_03
O22775,AT4G02500,2026_03
O22784,AT2G33330,2026_03
O22785,AT2G33340,2026_03
O22791,,2026_03
O22793,AT2G33430,2026_03
O22795,AT2G33450,2026_03
O22797,AT2G33470,2026_03
O22808,AT2G33580,2026_03
O22809,,2026_03
O22810,,2026_03
O22822,AT2G43820,2026_03
O22826,AT2G43770,2026_03
O22827,AT2G43760,2026_03
O22832,AT2G43710,2026_03
O22841,AT2G43620,2026_03
O22842,AT2G43610,2026_03
O22850,AT2G43350,2026_03
O22854,AT2G43400,2026_03
O22860,AT2G43460;AT3G59540,2026_03
O22881,AT2G40540,2026_03
O22886,AT2G40490,2026_03
O22898,AT2G47240,2026_03
O22899,AT2G47250,2026_03
O22914,AT2G47400,2026_03
O22940,AT2G41800,2026_03
O22941,AT2G41790,2026_03
O22957,AT2G34040,2026_03
O22993,AT4G23940,2026_03
O23006,AT2G17120,2026_03
O23016,AT1G04690,2026_03
O23034,AT1G05350,2026_03
O23044,AT1G05260,2026_03
O23049,AT1G05190,2026_03
O23052,AT1G05150,2026_03
O23087,AT4G00900,2026_03
O23095,AT4G00810,2026_03
O23138,AT1G22840,2026_03
O23140,AT5G46630,2026_03
O23144,AT4G27500,2026_03
O23157,AT4G37300,2026_03
O23179,AT4G37070,2026_03
O23193,AT4G36910,2026_03
O23207,AT4G36750,2026_03
O23212,AT4G36690,2026_03
O23237,AT4G36430,2026_03
O23240,AT4G36400,2026_03
O23247,AT4G26300,2026_03
O23252,AT4G18040,2026_03
O23254,AT4G13930,2026_03
O23255,AT4G13940,2026_03
O23264,AT4G14030,2026_03
O23290,AT3G23390;AT4G14320,2026_03
O23310,AT4G14540,2026_03
O23342,AT4G14870,2026_03
O23344,AT4G14890,2026_03
O23365,AT4G15110,2026_03
O23392,,2026_03
O23401,AT4G15490,2026_03
O23403,AT4G15510,2026_03
O23404,AT4G15530,2026_03
O23406,AT4G15550,2026_03
O23429,AT4G15780,2026_03
O23461,AT4G16130,2026_03
O23463,AT4G16150,2026_03
O23492,AT4G16480,2026_03
O23515,AT4G16720,2026_03
O23523,AT4G16830,2026_03
O23553,AT4G17090,2026_03
O23569,AT4G17260,2026_03
O23593,AT4G17520,2026_03
O23614,AT4G17740,2026_03
O23617,AT4G17770,2026_03
O23627,AT1G29880,2026_03
O23628,AT3G54560,2026_03
O23629,AT3G45980,2026_03
O23647,AT2G36390,2026_03
O23653,AT5G14060,2026_03
O23654,AT1G78900,2026_03
O23657,AT1G43890,2026_03
O23673,,2026_03
O23676,AT1G02140,2026_03
O23680,AT1G02280,2026_03
O23684,,2026_03
O23708,AT1G16470,2026_03
O23710,AT3G27430,2026_03
O23712,AT1G47250,2026_03
O23714,AT3G22630,2026_03
O23717,AT1G13060,2026_03
O23722,AT2G38700,2026_03
O24412,AT5G05780,2026_03
O24456,AT1G18080,2026_03
O24457,AT1G01090,2026_03
O24466,AT3G53610,2026_03
O24496,AT3G10850,2026_03
O24520,AT2G16060,2026_03
O24521,AT3G10520,2026_03
O24603,AT2G43570,2026_03
O24616,AT5G66140,2026_03
O24633,AT4G14800,2026_03
O24653,AT3G59920,2026_03
O24658,AT2G43590,2026_03
O48528,AT2G42210,2026_03
O48529,AT2G42220,2026_03
O48549,AT4G31700,2026_03
O48587,,2026_03
O48588,,2026_03
O48593,AT4G17300,2026_03
O48626,AT2G32900,2026_03
O48646,AT4G11600,2026_03
O48661,AT1G70310,2026_03
O48671,AT2G21600,2026_03
O48676,AT1G24100,2026_03
O48683,,2026_03
O48723,AT2G26560,2026_03
O48724,AT2G26570,2026_03
O48726,AT2G26590,2026_03
O48737,AT1G03680,2026_03
O48741,AT1G03630,2026_03
O48773,AT2G32920,2026_03
O48782,AT2G26670,2026_03
O48788,AT2G26730,2026_03
O48802,AT1G62390,2026_03
O48832,AT2G17840,2026_03
O48844,AT2G32730,2026_03
O48917,AT4G33030,2026_03
O48946,AT4G32410,2026_03
O48962,AT1G20050,2026_03
O48963,AT3G45780,2026_03
O49006,AT3G14310,2026_03
O49160,AT3G56150,2026_03
O49195,AT5G24780,2026_03
O49196,AT4G39940,2026_03
O49203,AT4G11010,2026_03
O49213,AT1G73250,2026_03
O49285,AT1G76990,2026_03
O49290,AT1G77060,2026_03
O49292,AT1G77090,2026_03
O49299,AT1G23190,2026_03
O49304,,2026_03
O49313,AT2G33220,2026_03
O49336,,2026_03
O49339,AT2G30740,2026_03
O49340,AT2G30750,2026_03
O49373,,2026_03
O49377,AT4G32150,2026_03
O49447,AT4G28390,2026_03
O49453,AT4G28440,2026_03
O49460,AT4G28510,2026_03
O49472,AT4G19540,2026_03
O49485,AT4G34200,2026_03
O49499,AT4G34050,2026_03
O49506,AT4G18360,2026_03
O49513,AT4G18430,2026_03
O49543,AT5G65720,2026_03
O49545,AT5G65700,2026_03
O49553,,2026_03
O49562,AT4G21210,2026_03
O49597,AT4G35570,2026_03
O49607,AT4G34980,2026_03
O49613,AT4G35060,2026_03
O49621,AT4G02600,2026_03
O49627,AT4G22220,2026_03
O49629,AT4G22240,2026_03
O49653,,2026_03
O49675,AT4G19170,2026_03
O49686,AT4G17870,2026_03
O49841,AT5G03530,2026_03
O50008,AT5G17920,2026_03
O50039,AT1G75330,2026_03
O50061,AT1G07320,2026_03
O64477,AT2G19130,2026_03
O64490,,2026_03
O64495,AT1G04110,2026_03
O64517,AT1G79340,2026_03
O64530,AT1G79230,2026_03
O64587,AT2G34690,2026_03
O64636,AT2G45560,2026_03
O64640,AT2G45600,2026_03
O64642,AT2G45620,2026_03
O64644,AT2G45640,2026_03
O64688,AT2G34590,2026_03
O64691,AT2G34560,2026_03
O64696,AT2G34510,2026_03
O64730,AT2G30170,2026_03
O64732,AT2G30150,2026_03
O64740,AT2G30050,2026_03
O64743,AT2G34790,2026_03
O64745,AT2G34810,2026_03
O64760,AT2G34970,2026_03
O64764,AT2G35010,2026_03
O64767,AT2G35040,2026_03
O64768,AT2G35050,2026_03
O64816,AT2G23070,2026_03
O64825,AT2G23770,2026_03
O64835,AT2G23670,2026_03
O64858,,2026_03
O64864,AT2G44290,2026_03
O64866,,2026_03
O64883,AT2G44490,2026_03
O64888,AT2G44530,2026_03
O64903,AT5G63310,2026_03
O64948,AT5G47040,2026_03
O65041,AT5G19180,2026_03
O65155,AT4G10920,2026_03
O65202,AT4G16760,2026_03
O65238,AT5G35370,2026_03
O65258,AT4G00490,2026_03
O65271,AT4G00620,2026_03
O65272,AT4G00630,2026_03
O65282,AT5G20720,2026_03
O65351,AT5G67360,2026_03
O65370,AT1G12080,2026_03
O65398,AT1G11840,2026_03
O65399,AT1G11820,2026_03
O65402,AT5G24160,2026_03
O65423,,2026_03
O65449,AT4G22010,2026_03
O65502,AT4G35250,2026_03
O65569,AT4G30800,2026_03
O65570,AT4G30160,2026_03
O65572,AT3G63520,2026_03
O65581,AT4G26530,2026_03
O65639,AT4G36020,2026_03
O65655,,2026_03
O65660,AT4G39730,2026_03
O65679,AT4G34540,2026_03
O65693,AT4G34730,2026_03
O65719,AT3G09440,2026_03
O65782,AT4G31500,2026_03
O65784,AT3G53280,2026_03
O65785,AT3G26220,2026_03
O65787,AT2G24180,2026_03
O65788,AT1G13080,2026_03
O65896,AT2G19570,2026_03
O78310,AT2G28190,2026_03
O80386,AT4G27430,2026_03
O80397,AT1G51660,2026_03
O80448,AT2G38230,2026_03
O80452,AT2G38280,2026_03
O80456,,2026_03
O80476,AT2G23600,2026_03
O80477,AT2G23610,2026_03
O80480,AT1G09270,2026_03
O80501,AT2G44610,2026_03
O80503,AT2G44640,2026_03
O80504,AT2G44650,2026_03
O80517,AT2G44790,2026_03
O80526,AT1G09430,2026_03
O80532,,2026_03
O80533,AT1G09500,2026_03
O80548,AT1G22730,2026_03
O80565,AT2G43950,2026_03
O80567,AT2G43970,2026_03
O80574,AT2G44040,2026_03
O80575,AT2G44050,2026_03
O80576,AT2G44060,2026_03
O80585,AT2G44160,2026_03
O80626,AT2G39390,2026_03
O80634,AT2G39470,2026_03
O80653,AT1G77180,2026_03
O80704,AT1G61990,2026_03
O80713,AT2G47130,2026_03
O80719,AT2G47060,2026_03
O80725,AT2G47000,2026_03
O80731,AT2G46930,2026_03
O80763,AT1G60420,2026_03
O80798,,2026_03
O80837,AT2G45820,2026_03
O80840,AT2G45790,2026_03
O80842,AT2G45770,2026_03
O80852,AT2G30860,2026_03
O80858,AT2G30930,2026_03
O80885,AT2G32480,2026_03
O80891,AT2G32540,2026_03
O80910,AT2G38410,2026_03
O80912,AT2G38390,2026_03
O80924,,2026_03
O80925,AT2G37550,2026_03
O80929,AT2G37600,2026_03
O80934,AT2G37660,2026_03
O80939,AT2G37710,2026_03
O80944,AT2G37760,2026_03
O80950,AT2G39310,2026_03
O80977,AT2G14740,2026_03
O80983,AT2G26140,2026_03
O80988,AT2G26080,2026_03
O80990,AT2G26060,2026_03
O81014,AT2G26930,2026_03
O81016,AT2G26910,2026_03
O81027,AT2G26800,2026_03
O81030,AT2G46740,2026_03
O81062,AT2G03120,2026_03
O81098,AT3G22320,2026_03
O81108,AT4G37640,2026_03
O81127,AT1G23860,2026_03
O81146,AT5G35590,2026_03
O81147,AT2G05840,2026_03
O81148,AT3G22110,2026_03
O81149,AT1G53850,2026_03
O81283,AT4G02510,2026_03
O81291,AT4G02420,2026_03
O81292,AT4G02410,2026_03
O81296,AT4G02370,2026_03
O81299,,2026_03
O81439,AT4G04020,2026_03
O81493,AT5G26260,2026_03
O81629,AT4G10840,2026_03
O81644,AT2G41740,2026_03
O81645,AT3G57410,2026_03
O81716,AT2G25070,2026_03
O81742,AT4G23460,2026_03
O81746,,2026_03
O81815,AT4G15760,2026_03
O81816,AT4G38540,2026_03
O81826,AT4G27230,2026_03
O81845,AT3G54110,2026_03
O81852,AT4G19710,2026_03
O81862,AT4G19810,2026_03
O81884,AT4G33670,2026_03
O82089,AT3G56240,2026_03
O82122,AT5G24770,2026_03
O82179,AT2G35120,2026_03
O82191,AT2G19900,2026_03
O82197,AT2G19830,2026_03
O82204,AT2G19730,2026_03
O82209,,2026_03
O82230,AT2G24020,2026_03
O82233,AT2G24050,2026_03
O82234,AT2G24060,2026_03
O82240,,2026_03
O82251,AT2G47840,2026_03
O82263,AT2G47960,2026_03
O82264,AT2G47970,2026_03
O82290,AT2G35500,2026_03
O82291,AT2G35490,2026_03
O82299,AT2G35410,2026_03
O82314,AT2G25830,2026_03
O82326,,2026_03
O82328,AT2G14900,2026_03
O82352,AT2G46170,2026_03
O82355,AT2G46140,2026_03
O82357,AT2G46110,2026_03
O82359,AT2G46090,2026_03
O82390,AT2G29650,2026_03
O82392,AT2G29630,2026_03
O82399,AT2G22780,2026_03
O82413,AT3G46100,2026_03
O82462,AT5G26710,2026_03
O82481,AT5G62880,2026_03
O82487,AT4G10750,2026_03
O82491,AT4G10710,2026_03
O82499,AT4G11175,2026_03
O82514,AT5G63400,2026_03
O82597,AT4G01480,2026_03
O82628,AT3G01390,2026_03
O82629,AT4G23710,2026_03
O82656,AT1G71860,2026_03
O82659,AT3G50360,2026_03
O82662,AT2G20420,2026_03
O82663,AT5G66760,2026_03
O82734,AT5G27840,2026_03
O82762,,2026_03
O82768,AT1G31860,2026_03
O82772,AT3G03640,2026_03
O82782,AT2G36230,2026_03
O82796,AT1G18640,2026_03
O82808,,2026_03
P04778,AT1G29930,2026_03
P05466,AT2G45300,2026_03
P06525,AT1G77120,2026_03
P09468,ATCG00470,2026_03
P0C896,AT3G02650,2026_03
P0CJ46,AT2G37620,2026_03
P0CZ23,AT1G06290,2026_03
P0DH99,AT1G07940,2026_03
P0DI10,AT1G05240,2026_03
P0DI79,AT3G28300,2026_03
P0DKC4,AT5G36790,2026_03
P0DKL6,AT3G55220,2026_03
P0DO24,AT5G08660,2026_03
P10795,AT1G67090,2026_03
P10796,AT5G38430,2026_03
P10798,AT5G38410,2026_03
P10896,AT2G39730,2026_03
P11035,AT1G37130,2026_03
P11139,AT1G64740,2026_03
P11574,AT1G76030,2026_03
P11832,AT1G77760,2026_03
P12411,AT1G75780,2026_03
P14671,AT5G54810,2026_03
P14891,AT1G76490,2026_03
P15455,AT5G44120,2026_03
P15456,AT1G03880,2026_03
P15457,AT4G27140,2026_03
P15459,AT4G27160,2026_03
P15460,AT4G27170,2026_03
P16127,AT4G18480,2026_03
P16180,AT1G79850,2026_03
P16181,AT3G48930,2026_03
P17094,AT1G43170,2026_03
P17562,AT4G01850,2026_03
P17597,AT3G48560,2026_03
P17745,AT4G20360,2026_03
P18064,AT2G26300,2026_03
P18612,AT5G15960,2026_03
P18616,AT4G35800,2026_03
P19171,AT3G12500,2026_03
P19366,ATCG00480,2026_03
P19456,AT4G30190,2026_03
P19892,AT1G05810,2026_03
P20115,AT2G44350,2026_03
P20431,AT5G57350,2026_03
P20649,AT2G18960,2026_03
P21216,AT2G18230,2026_03
P21218,AT4G27440,2026_03
P21238,AT2G28000,2026_03
P21240,AT1G55490,2026_03
P21276,AT4G25100,2026_03
P22738,AT1G61580,2026_03
P22953,AT5G02500,2026_03
P22954,AT5G02490,2026_03
P23321,AT5G66570,2026_03
P23586,AT1G11260,2026_03
P23686,AT1G02500,2026_03
P24100,AT3G48750,2026_03
P24636,AT5G44340,2026_03
P24806,AT4G30270,2026_03
P25269,AT4G27070,2026_03
P25696,AT2G36530,2026_03
P25697,AT1G32060,2026_03
P25851,AT3G54050,2026_03
P25855,AT2G35370,2026_03
P25856,AT3G26650,2026_03
P25857,AT1G42970,2026_03
P25858,AT3G04120,2026_03
P25864,AT3G44890,2026_03
P25873,AT3G25920,2026_03
P26568,AT1G06760,2026_03
P26569,AT2G30620,2026_03
P27140,AT3G01500,2026_03
P27323,AT5G52640,2026_03
P27521,AT3G47470,2026_03
P28185,AT1G06400,2026_03
P28187,AT2G43130,2026_03
P28188,AT1G02130,2026_03
P28493,AT1G75040,2026_03
P28769,AT3G20050,2026_03
P29197,AT3G23990,2026_03
P29402,AT5G61790,2026_03
P29513,AT1G20010,2026_03
P29514,AT5G12250,2026_03
P29515,AT2G29550,2026_03
P29516,AT5G23860,2026_03
P29517,AT4G20890,2026_03
P29976,AT4G39980,2026_03
P30184,AT2G24200,2026_03
P30302,AT2G37180,2026_03
P31167,AT3G08580,2026_03
P31168,AT1G20440,2026_03
P31169,AT5G15970,2026_03
P31265,AT3G16640,2026_03
P31414,AT1G15690,2026_03
P32068,AT5G05730,2026_03
P32069,AT2G29690,2026_03
P32746,AT5G23300,2026_03
P32826,AT3G10410,2026_03
P32961,AT3G44310,2026_03
P32962,AT3G44300,2026_03
P33157,AT3G57260,2026_03
P33207,AT1G24360,2026_03
P34066,AT5G42790,2026_03
P34788,AT1G22780;AT1G34030;AT4G09800,2026_03
P34789,AT5G64140,2026_03
P34790,AT4G38740,2026_03
P34791,AT3G62030,2026_03
P34802,AT4G36810,2026_03
P34893,AT1G14980,2026_03
P35131,AT5G41700,2026_03
P35510,AT2G37040,2026_03
P35614,AT3G26618,2026_03
P36210,AT3G27830,2026_03
P36428,AT1G50200,2026_03
P37107,AT5G03940,2026_03
P37271,AT5G17230,2026_03
P37702,AT5G26000,2026_03
P38025,AT3G21110,2026_03
P38418,AT3G45140,2026_03
P38420,AT4G21710,2026_03
P38558,AT5G05620,2026_03
P38605,AT2G07050,2026_03
P38666,AT3G53020,2026_03
P39207,AT4G09320,2026_03
P40283,AT5G59910,2026_03
P40940,AT2G24765,2026_03
P40941,AT5G13490,2026_03
P41088,AT3G55120,2026_03
P41376,AT3G13920,2026_03
P41377,AT1G54270,2026_03
P41568,AT4G27130,2026_03
P41916,AT5G20010,2026_03
P42036,AT3G52580,2026_03
P42643,AT4G09000,2026_03
P42644,AT5G38480,2026_03
P42645,AT5G16050,2026_03
P42697,AT5G42080,2026_03
P42731,AT4G34110,2026_03
P42732,AT5G14320,2026_03
P42733,AT5G23740,2026_03
P42734,AT4G39330,2026_03
P42738,AT3G29200,2026_03
P42742,AT3G60820,2026_03
P42744,AT1G05180,2026_03
P42748,AT5G41340,2026_03
P42749,AT1G63800,2026_03
P42759,AT1G20450,2026_03
P42760,AT1G02930,2026_03
P42761,AT2G30870,2026_03
P42762,AT5G51070,2026_03
P42763,AT1G76180,2026_03
P42770,AT3G54660,2026_03
P42774,AT4G36730,2026_03
P42791,AT3G05590,2026_03
P42794,AT3G58700;AT4G18730;AT5G45775,2026_03
P42798,AT1G07770;AT5G59850,2026_03
P42799,AT5G63570,2026_03
P42801,AT4G39800,2026_03
P42804,AT1G58290,2026_03
P42825,AT5G22060,2026_03
P43082,AT3G04720,2026_03
P43255,AT4G14110,2026_03
P43286,AT3G53420,2026_03
P43292,AT5G08590,2026_03
P43296,AT4G39090,2026_03
P43297,AT1G47128,2026_03
P43298,AT1G66150,2026_03
P43333,AT1G09760,2026_03
P45432,AT3G61140,2026_03
P45724,AT3G53260,2026_03
P46010,AT3G44320,2026_03
P46032,AT2G02040,2026_03
P46077,AT1G35160,2026_03
P46086,AT5G27450,2026_03
P46248,AT4G31990,2026_03
P46283,AT3G55800,2026_03
P46286,AT2G18020,2026_03
P46309,AT4G23100,2026_03
P46310,AT3G11170,2026_03
P46312,AT4G30950,2026_03
P46416,AT5G27380,2026_03
P46421,AT2G29450,2026_03
P46422,AT4G02520,2026_03
P46573,AT2G28930,2026_03
P46637,AT4G08900,2026_03
P46643,AT2G30970,2026_03
P46644,AT5G11520,2026_03
P46645,AT5G19550,2026_03
P47924,AT5G64300,2026_03
P47996,AT1G79470,2026_03
P47998,AT4G14880,2026_03
P47999,AT2G43750,2026_03
P48006,AT1G30230,2026_03
P48347,AT1G22300,2026_03
P48348,AT5G65430,2026_03
P48349,AT5G10450,2026_03
P48421,AT4G13770,2026_03
P48482,AT5G59160,2026_03
P48483,AT1G64040,2026_03
P48491,AT3G55440,2026_03
P48523,AT3G19450,2026_03
P48641,AT3G24170,2026_03
P49040,AT5G20830,2026_03
P49077,AT3G20330,2026_03
P49078,AT3G47340,2026_03
P49107,AT5G64040,2026_03
P49177,AT4G34460,2026_03
P49200,AT3G45030;AT5G62300,2026_03
P49204,AT5G07090,2026_03
P49205,AT2G04390,2026_03
P49206,AT2G40590,2026_03
P49209,AT1G33120;AT1G33140,2026_03
P49211,AT4G18100,2026_03
P49227,AT5G39740,2026_03
P49243,AT1G62640,2026_03
P49294,AT1G09940,2026_03
P49572,AT2G04400,2026_03
P49637,AT1G70600,2026_03
P49688,AT2G41840,2026_03
P49689,AT2G19750;AT4G29390;AT5G56670,2026_03
P49690,AT1G04480;AT2G33370;AT3G04400,2026_03
P49691,AT5G02870,2026_03
P49692,AT2G47610,2026_03
P49693,AT4G02230,2026_03
P49967,AT1G48900,2026_03
P50287,AT5G08100,2026_03
P50318,AT1G56190,2026_03
P50546,ATCG00190,2026_03
P50700,AT4G11650,2026_03
P50883,AT2G37190,2026_03
P51412,AT1G35680,2026_03
P51413,AT1G67430,2026_03
P51414,AT3G49910,2026_03
P51419,AT4G15000,2026_03
P51422,AT3G55750,2026_03
P51430,AT5G10360,2026_03
P51818,AT5G56010,2026_03
P52032,AT2G25080,2026_03
P52420,AT1G09830,2026_03
P52422,AT1G31220,2026_03
P52577,AT1G75280,2026_03
P52839,AT2G03760,2026_03
P52901,AT1G59900,2026_03
P53492,AT5G09810,2026_03
P53496,AT3G12110,2026_03
P53780,AT3G57050,2026_03
P53799,AT4G34640,2026_03
P54121,AT3G28930,2026_03
P54150,AT4G25130,2026_03
P54609,AT3G09840,2026_03
P54873,AT4G11820,2026_03
P54888,AT3G55610,2026_03
P54904,AT5G14800,2026_03
P54967,AT2G43360,2026_03
P54969,AT5G56650,2026_03
P54970,AT5G56660,2026_03
P55034,AT4G38630,2026_03
P55217,AT3G01120,2026_03
P55228,AT5G48300,2026_03
P55229,AT5G19220,2026_03
P55230,AT1G27680,2026_03
P55231,AT4G39210,2026_03
P55737,AT5G56030,2026_03
P55826,AT4G01690,2026_03
P55852,AT4G26840,2026_03
P56752,ATCG01010,2026_03
P56753,ATCG01110,2026_03
P56754,ATCG00420,2026_03
P56756,ATCG00430,2026_03
P56757,ATCG00120,2026_03
P56759,ATCG00130,2026_03
P56761,ATCG00270,2026_03
P56762,ATCG00740,2026_03
P56763,ATCG00180,2026_03
P56764,ATCG00170,2026_03
P56765,ATCG00500,2026_03
P56766,ATCG00350,2026_03
P56767,ATCG00340,2026_03
P56771,ATCG00540,2026_03
P56773,ATCG00720,2026_03
P56777,ATCG00680,2026_03
P56778,ATCG00280,2026_03
P56779,ATCG00580,2026_03
P56780,ATCG00710,2026_03
P56785,ATCG01000;ATCG01130,2026_03
P56786,ATCG00860;ATCG01280,2026_03
P56791,ATCG00830;ATCG01310,2026_03
P56792,ATCG00780,2026_03
P56793,ATCG00790,2026_03
P56794,ATCG00660,2026_03
P56795,ATCG00810,2026_03
P56796,ATCG00640,2026_03
P56797,ATCG00160,2026_03
P56798,ATCG00800,2026_03
P56799,ATCG00380,2026_03
P56801,ATCG00770,2026_03
P56802,ATCG00750,2026_03
P56805,ATCG01120,2026_03
P56808,ATCG00820,2026_03
P56820,AT4G20980,2026_03
P57106,AT5G43330,2026_03
P57681,AT5G63910,2026_03
P57691,AT3G11250,2026_03
P57720,AT1G48850,2026_03
P57741,AT5G49510,2026_03
P57750,AT5G18070,2026_03
P57751,AT5G17310,2026_03
P57752,AT1G31812,2026_03
P58049,AT5G25120,2026_03
P58684,AT2G39960,2026_03
P59169,AT4G40030;AT4G40040;AT5G10980,2026_03
P59223,AT3G60770,2026_03
P59224,AT4G00100,2026_03
P59226,AT1G09200;AT3G27360;AT5G10390;AT5G10400;AT5G65360,2026_03
P59230,AT2G27530,2026_03
P59231,AT5G22440,2026_03
P59233,AT3G62250,2026_03
P59259,AT1G07660;AT1G07820;AT2G28740;AT3G45930;AT3G46320;AT3G53730;AT5G59690;AT5G59970,2026_03
P59271,AT1G23410,2026_03
P59277,AT1G51740,2026_03
P60039,AT2G44120,2026_03
P60040,AT2G01250,2026_03
P61837,AT3G61430,2026_03
P61841,ATCG00900;ATCG01240,2026_03
P61843,ATCG00360,2026_03
P61845,ATCG00840;ATCG01300,2026_03
P62090,ATCG01060,2026_03
P68209,AT5G08300,2026_03
P69834,AT2G02500,2026_03
P82281,AT4G09010,2026_03
P82538,AT3G55330,2026_03
P82658,AT3G63540,2026_03
P82869,AT3G15520,2026_03
P82873,AT1G27390,2026_03
P82874,AT3G27080,2026_03
P83291,AT5G20080,2026_03
P83755,ATCG00020,2026_03
P92935,AT1G15500,2026_03
P92939,AT1G07810,2026_03
P92941,AT5G40890,2026_03
P92948,AT1G09770,2026_03
P92959,AT5G54600,2026_03
P92963,AT4G17170,2026_03
P92964,AT3G61860,2026_03
P92974,AT5G06460,2026_03
P92985,AT5G58590,2026_03
P92994,AT2G30490,2026_03
P93004,AT4G35100,2026_03
P93008,AT2G33730,2026_03
P93009,AT2G33740,2026_03
P93014,AT2G33800,2026_03
P93025,AT5G58140,2026_03
P93026,AT3G52850,2026_03
P93028,AT2G30110,2026_03
P93031,AT3G51160,2026_03
P93032,AT2G17130,2026_03
P93033,AT2G47510,2026_03
P93042,AT3G13870,2026_03
P93043,AT1G08190,2026_03
P93046,AT3G44990,2026_03
P93050,AT2G48010,2026_03
P93285,ATMG00160,2026_03
P93303,AT2G07707;ATMG00480,2026_03
P93306,ATMG00510,2026_03
P93654,AT5G46860,2026_03
P93655,AT5G26860,2026_03
P93736,AT1G14610,2026_03
P93758,AT2G41870,2026_03
P93819,AT1G04410,2026_03
P93824,AT1G04350,2026_03
P93832,AT1G80560,2026_03
P93834,AT2G19860,2026_03
P93836,AT1G06570,2026_03
P94014,AT1G09560,2026_03
P94040,AT1G72610,2026_03
P94072,AT5G20630,2026_03
P94078,AT3G26720,2026_03
P94111,AT1G74020,2026_03
P98204,AT5G04930,2026_03
Q00218,AT4G33510,2026_03
Q00874,AT3G12610,2026_03
Q01474,AT1G56330,2026_03
Q01525,AT1G78300,2026_03
Q01667,AT3G54890,2026_03
Q01908,AT4G04640,2026_03
Q02166,AT5G17990,2026_03
Q02971,AT4G37980,2026_03
Q03250,AT2G21660,2026_03
Q03251,AT4G39260,2026_03
Q04836,AT4G24770,2026_03
Q04980,AT5G52300,2026_03
Q05153,AT3G28730,2026_03
Q05212,AT3G04880,2026_03
Q05431,AT1G07890,2026_03
Q05728,AT3G55010,2026_03
Q05758,AT3G58610,2026_03
Q058N4,AT5G22830,2026_03
Q06327,AT1G55020,2026_03
Q06588,AT1G05010,2026_03
Q06738,AT5G52310,2026_03
Q06850,AT5G04870,2026_03
Q07098,AT1G10430,2026_03
Q07099,AT1G59830,2026_03
Q07100,AT2G42500,2026_03
Q07356,AT4G14210,2026_03
Q07473,AT5G01530,2026_03
Q07488,AT5G20230,2026_03
Q08112,AT1G04270,2026_03
Q08298,AT5G25610,2026_03
Q08466,AT3G50000,2026_03
Q08733,AT1G01620,2026_03
Q08AA8,,2026_03
Q09152,AT5G47770,2026_03
Q0PGJ6,AT2G37770,2026_03
Q0V7T5,AT1G80640,2026_03
Q0WL80,AT1G71220,2026_03
Q0WLB5,AT3G08530,2026_03
Q0WLC6,AT4G34830,2026_03
Q0WLC7,AT5G50530,2026_03
Q0WLY0,AT1G33680,2026_03
Q0WM93,,2026_03
Q0WML0,AT5G39040,2026_03
Q0WMN5,AT3G49140,2026_03
Q0WN54,,2026_03
Q0WNJ6,AT3G11130,2026_03
Q0WP12,AT2G43910,2026_03
Q0WQB7,,2026_03
Q0WQH3,,2026_03
Q0WR25,,2026_03
Q0WR30,AT1G78260,2026_03
Q0WR59,AT5G10020,2026_03
Q0WR81,,2026_03
Q0WSE9,,2026_03
Q0WSF1,AT3G66658,2026_03
Q0WSJ9,,2026_03
Q0WSY2,AT1G19835,2026_03
Q0WT31,AT2G34300,2026_03
Q0WTS1,,2026_03
Q0WUA3,AT1G60600,2026_03
Q0WUI9,AT1G70290,2026_03
Q0WUQ7,,2026_03
Q0WUY1,AT1G04280,2026_03
Q0WUY5,,2026_03
Q0WV86,AT3G48200,2026_03
Q0WV90,AT1G80490,2026_03
Q0WVF7,AT3G03060,2026_03
Q0WVJ5,AT1G09850,2026_03
Q0WVN5,AT4G23990,2026_03
Q0WVX5,AT4G18240,2026_03
Q0WVZ7,AT5G20660,2026_03
Q0WW26,AT4G34450,2026_03
Q0WW53,,2026_03
Q0WW84,AT3G19130,2026_03
Q0WWE3,AT1G15120,2026_03
Q0WWT7,AT4G24750,2026_03
Q0WWW9,AT5G59250,2026_03
Q147P9,,2026_03
Q1EBV4,AT3G13235,2026_03
Q1EBV7,AT2G26900,2026_03
Q1ECE0,AT5G54110,2026_03
Q1G3I0,AT4G22666,2026_03
Q1G3L2,,2026_03
Q1H537,AT5G18660,2026_03
Q1H583,AT1G54000,2026_03
Q1H5C9,AT1G45170,2026_03
Q1JPL7,AT1G11580,2026_03
Q1JPM1,AT5G65760,2026_03
Q1JPN7,AT2G31800,2026_03
Q1KPV0,AT1G03160,2026_03
Q1LYX4,,2026_03
Q1PDV6,AT5G18610,2026_03
Q1PF50,AT2G18080,2026_03
Q1WIQ6,AT2G24270,2026_03
Q208N7,AT1G06460,2026_03
Q24JN5,AT2G17720,2026_03
Q27GI3,AT5G62890,2026_03
Q29Q26,AT2G17390,2026_03
Q29Q34,AT5G19440,2026_03
Q2HIK4,AT1G29990,2026_03
Q2HIM4,AT5G23760,2026_03
Q2HIQ2,,2026_03
Q2HIR7,AT5G38660,2026_03
Q2HIU0,,2026_03
Q2PGG3,AT4G11640,2026_03
Q2V2S7,AT4G37925,2026_03
Q2V3Q0,AT3G51260,2026_03
Q2V4P2,AT1G10070,2026_03
Q304B9,AT2G38010,2026_03
Q37145,AT1G27770,2026_03
Q38799,AT5G50850,2026_03
Q38814,AT5G54770,2026_03
Q38820,AT1G72750,2026_03
Q38833,AT3G51820,2026_03
Q38834,AT3G50950,2026_03
Q38842,AT4G00860,2026_03
Q38845,AT1G25490,2026_03
Q38854,AT4G15560,2026_03
Q38857,AT5G57560,2026_03
Q38858,AT1G09210,2026_03
Q38865,AT2G28950,2026_03
Q38867,AT3G56070,2026_03
Q38868,AT3G20410,2026_03
Q38869,AT4G09570,2026_03
Q38871,AT4G35310,2026_03
Q38872,AT2G17290,2026_03
Q38873,AT5G12480,2026_03
Q38879,AT5G39950,2026_03
Q38882,AT3G15730,2026_03
Q38884,AT2G46280,2026_03
Q38885,AT2G18710,2026_03
Q38890,AT5G49720,2026_03
Q38893,AT3G04870,2026_03
Q38896,AT2G21060,2026_03
Q38900,AT2G16600,2026_03
Q38906,AT5G05000,2026_03
Q38910,AT4G25810,2026_03
Q38922,AT4G35860,2026_03
Q38924,AT2G27190,2026_03
Q38929,AT5G16440,2026_03
Q38931,AT3G25230,2026_03
Q38932,AT5G57030,2026_03
Q38933,AT3G10230,2026_03
Q38935,AT3G25220,2026_03
Q38936,AT5G48580,2026_03
Q38937,AT1G75840,2026_03
Q38942,AT1G80670,2026_03
Q38945,AT5G54390,2026_03
Q38946,AT5G07440,2026_03
Q38950,AT3G25800,2026_03
Q38951,AT1G13320,2026_03
Q38953,AT3G26560,2026_03
Q38954,AT3G26570,2026_03
Q38955,,2026_03
Q38970,AT1G36160,2026_03
Q38997,AT3G01090,2026_03
Q39002,AT1G80300,2026_03
Q39016,AT1G35670,2026_03
Q39023,AT3G45640,2026_03
Q39024,AT4G01370,2026_03
Q39026,AT2G43790,2026_03
Q39033,AT3G08510,2026_03
Q39041,AT1G12240,2026_03
Q39048,AT4G24510,2026_03
Q39054,AT5G20990,2026_03
Q39061,AT3G52380,2026_03
Q39079,AT2G35720,2026_03
Q39085,AT3G19820,2026_03
Q39096,AT2G41430,2026_03
Q39097,AT5G47880,2026_03
Q39099,AT2G06850,2026_03
Q39100,,2026_03
Q39101,AT5G01600,2026_03
Q39102,AT1G50250,2026_03
Q39108,AT4G38460,2026_03
Q39129,AT5G66040,2026_03
Q39131,AT5G15350,2026_03
Q39132,,2026_03
Q39141,AT2G34420,2026_03
Q39142,AT2G34430,2026_03
Q39160,AT1G17580,2026_03
Q39161,AT2G15620,2026_03
Q39172,AT5G16970,2026_03
Q39173,AT5G16990,2026_03
Q39189,AT5G62190,2026_03
Q39192,AT3G50500,2026_03
Q39196,AT4G00430,2026_03
Q39211,AT2G15430,2026_03
Q39218,AT3G13110,2026_03
Q39219,AT3G22370,2026_03
Q39221,AT2G01470,2026_03
Q39222,AT1G16920,2026_03
Q39224,AT1G17020,2026_03
Q39227,AT1G20330,2026_03
Q39228,AT3G19930,2026_03
Q39230,AT5G27470,2026_03
Q39231,AT1G22710,2026_03
Q39232,AT1G71880,2026_03
Q39239,AT1G19730,2026_03
Q39241,AT1G45145,2026_03
Q39243,AT4G35460,2026_03
Q39247,AT1G17720,2026_03
Q39249,AT1G08550,2026_03
Q39255,AT1G75950,2026_03
Q39256,AT3G09790,2026_03
Q39258,AT4G11150,2026_03
Q3E870,AT5G62575,2026_03
Q3E8H9,AT5G44310,2026_03
Q3E902,AT5G27700,2026_03
Q3EBE3,AT2G47910,2026_03
Q3ECS3,AT1G51470,2026_03
Q3EDF8,AT1G09900,2026_03
Q3MK94,AT3G03950,2026_03
Q41188,AT4G38680,2026_03
Q41916,AT5G47550,2026_03
Q41931,AT1G62380,2026_03
Q41932,AT4G05180,2026_03
Q41969,AT5G20920,2026_03
Q42029,AT1G06680,2026_03
Q42044,AT2G45180,2026_03
Q42064,AT4G36130,2026_03
Q42093,AT2G34660,2026_03
Q42112,AT3G09200,2026_03
Q42134,AT3G14290,2026_03
Q42139,AT4G32260,2026_03
Q42262,AT4G34670,2026_03
Q42290,AT3G02090,2026_03
Q42328,AT2G43510,2026_03
Q42340,AT5G18380,2026_03
Q42342,AT5G53560,2026_03
Q42344,AT2G17560,2026_03
Q42347,AT2G36620,2026_03
Q42351,AT1G26880,2026_03
Q42384,AT4G15900,2026_03
Q42400,AT1G58360,2026_03
Q42403,AT5G42980,2026_03
Q42404,AT3G50670,2026_03
Q42406,AT4G34870,2026_03
Q42418,AT4G29350,2026_03
Q42449,AT2G19760,2026_03
Q42472,AT1G65960,2026_03
Q42479,AT4G23650,2026_03
Q42510,AT1G13980,2026_03
Q42512,AT2G42540,2026_03
Q42521,AT5G17330,2026_03
Q42522,AT3G48730,2026_03
Q42523,AT1G03090,2026_03
Q42524,AT1G51680,2026_03
Q42525,AT4G29130,2026_03
Q42527,AT5G05590,2026_03
Q42529,AT3G54640,2026_03
Q42533,AT5G16390,2026_03
Q42534,AT1G53830,2026_03
Q42536,AT5G54190,2026_03
Q42539,AT3G48330,2026_03
Q42545,AT5G55280,2026_03
Q42546,AT5G63980,2026_03
Q42553,AT3G02780,2026_03
Q42560,AT4G35830,2026_03
Q42561,AT3G25110,2026_03
Q42564,AT4G35000,2026_03
Q42566,AT2G26740,2026_03
Q42572,AT1G08130,2026_03
Q42586,AT3G54470,2026_03
Q42589,AT2G38540,2026_03
Q42592,AT4G08390,2026_03
Q42593,AT1G77490,2026_03
Q42599,AT1G79010,2026_03
Q42600,AT4G36220,2026_03
Q42601,AT1G29900,2026_03
Q42602,AT1G64900,2026_03
Q42605,AT1G12780,2026_03
Q43127,AT5G35630,2026_03
Q43128,AT1G17260,2026_03
Q43291,AT1G09590;AT1G09690,2026_03
Q43292,AT1G52300,2026_03
Q43295,AT2G14750,2026_03
Q43307,AT1G32200,2026_03
Q43314,AT5G18170,2026_03
Q43315,AT4G17190,2026_03
Q43316,AT5G08280,2026_03
Q43386,AT1G14900,2026_03
Q43387,AT5G64120,2026_03
Q43727,AT5G35790,2026_03
Q43729,AT5G17820,2026_03
Q43731,AT4G37520,2026_03
Q43735,AT3G01190,2026_03
Q43867,AT1G53840,2026_03
Q43870,AT1G19920,2026_03
Q494P3,,2026_03
Q494P4,AT2G40070,2026_03
Q4V3C9,AT2G15090,2026_03
Q4V3D1,AT1G48620,2026_03
Q4V3D3,AT4G00752,2026_03
Q4V3D6,AT5G25260,2026_03
Q4V3D9,AT3G57030,2026_03
Q501F7,AT1G21440,2026_03
Q501G7,,2026_03
Q52T38,AT5G20350,2026_03
Q56WD9,AT2G33150,2026_03
Q56WF8,AT3G45010,2026_03
Q56WH4,AT5G22650,2026_03
Q56WK6,AT1G72150,2026_03
Q56WN1,AT5G37600,2026_03
Q56X76,AT4G09730,2026_03
Q56XB0,AT3G05727,2026_03
Q56XE2,AT1G77122,2026_03
Q56XE4,AT4G03120,2026_03
Q56XR7,AT3G25480,2026_03
Q56XV8,AT5G18820,2026_03
Q56Y11,AT5G58770,2026_03
Q56Y19,,2026_03
Q56Y42,AT5G53580,2026_03
Q56Y85,AT3G59990,2026_03
Q56YA5,AT2G13360,2026_03
Q56YN8,AT2G27170,2026_03
Q56YR0,AT4G01290,2026_03
Q56YU0,AT3G24503,2026_03
Q56YW9,AT5G62690,2026_03
Q56Z59,AT1G72160,2026_03
Q56ZI2,AT1G22530,2026_03
Q56ZN6,AT1G78920,2026_03
Q56ZQ3,AT2G14720,2026_03
Q56ZZ7,AT5G16150,2026_03
Q570B4,AT2G26250,2026_03
Q570C8,AT5G48880,2026_03
Q5EAH9,AT3G55760,2026_03
Q5G5E0,AT2G17440,2026_03
Q5GM68,AT2G42600,2026_03
Q5HZ03,,2026_03
Q5M729,AT1G54220,2026_03
Q5M731,AT1G22940,2026_03
Q5QIT3,AT5G28850,2026_03
Q5S1W2,AT5G07300,2026_03
Q5S2C4,AT2G35110,2026_03
Q5XEP2,AT1G62740,2026_03
Q5XEV6,AT4G24090,2026_03
Q5XF03,AT4G00400,2026_03
Q5XF06,AT2G36070,2026_03
Q5XF12,,2026_03
Q5XF33,AT5G45930,2026_03
Q5XF75,AT4G11120,2026_03
Q5XF81,,2026_03
Q5XF82,AT1G52100,2026_03
Q66GJ0,AT1G31410,2026_03
Q66GJ1,AT4G12320,2026_03
Q66GP5,,2026_03
Q66GP9,AT3G47450,2026_03
Q66GQ3,AT3G16110,2026_03
Q66GR2,,2026_03
Q66GR6,AT2G02740,2026_03
Q67XD6,,2026_03
Q67XD9,AT4G09510,2026_03
Q67YC9,AT4G14100,2026_03
Q67YI9,AT2G43160,2026_03
Q67YL8,AT4G33740,2026_03
Q680A5,AT2G42910,2026_03
Q680K2,AT4G39970,2026_03
Q681K2,AT2G41475,2026_03
Q681Q7,AT1G03900,2026_03
Q681Y3,AT1G60990,2026_03
Q682E0,AT2G35450,2026_03
Q682I1,AT1G55805,2026_03
Q682Q6,AT1G32520,2026_03
Q683F9,AT4G36195,2026_03
Q6AWU6,AT2G43940,2026_03
Q6AWX0,AT5G17010,2026_03
Q6AWX1,AT2G30720,2026_03
Q6DBF6,AT4G02725,2026_03
Q6DBH4,AT2G23820,2026_03
Q6DBI9,,2026_03
Q6DYB5,,2026_03
Q6DYE4,AT1G26090,2026_03
Q6EVK6,AT2G46020,2026_03
Q6GKU7,,2026_03
Q6GKV1,AT5G63220,2026_03
Q6ICZ8,AT5G13850,2026_03
Q6ID97,AT1G10630,2026_03
Q6IDC7,AT1G77550,2026_03
Q6NKS4,AT5G47110,2026_03
Q6NKW9,AT1G64760,2026_03
Q6NL08,,2026_03
Q6NL24,AT4G16210,2026_03
Q6NLB0,AT5G02780,2026_03
Q6NLB6,,2026_03
Q6NLG7,AT4G18590,2026_03
Q6NLQ6,AT3G57530,2026_03
Q6NLQ7,AT2G22450,2026_03
Q6NM52,,2026_03
Q6NMA9,AT5G45170,2026_03
Q6NMC1,AT1G72640,2026_03
Q6NMH5,,2026_03
Q6NMI3,AT1G31780,2026_03
Q6NMK6,AT4G25280,2026_03
Q6NMZ4,,2026_03
Q6NNH1,,2026_03
Q6NPH1,,2026_03
Q6NPL0,AT4G09040,2026_03
Q6NPR7,AT1G29470,2026_03
Q6NPS1,AT1G61690,2026_03
Q6NQ66,AT2G46750,2026_03
Q6NQ87,AT4G23300,2026_03
Q6NQA8,AT1G14250,2026_03
Q6NQE2,AT4G27270,2026_03
Q6NQG3,AT1G16790,2026_03
Q6NQJ6,AT5G02250,2026_03
Q6NQK8,AT1G55140,2026_03
Q6NQL4,AT1G16340,2026_03
Q6NQM0,AT3G01800,2026_03
Q6Q1P4,AT3G54670,2026_03
Q6R3K6,AT3G27020,2026_03
Q6R8G2,AT1G35350,2026_03
Q6STH5,AT3G24430,2026_03
Q6TBX7,AT3G53130,2026_03
Q6WWW4,AT4G38600,2026_03
Q6XJG8,AT4G28470,2026_03
Q6ZY51,AT5G26570,2026_03
Q70DU8,AT1G44170,2026_03
Q70E96,AT4G36250,2026_03
Q75W54,AT1G09010,2026_03
Q76FS5,AT1G17050,2026_03
Q7DLG4,,2026_03
Q7DLR9,AT1G56450,2026_03
Q7DLS1,AT5G40580,2026_03
Q7DMA9,AT3G54010,2026_03
Q7G192,AT3G43600,2026_03
Q7G193,AT5G20960,2026_03
Q7PC79,AT1G72560,2026_03
Q7PC84,AT1G66950,2026_03
Q7PC86,AT1G15210,2026_03
Q7PC87,AT2G36380,2026_03
Q7X659,AT2G17790,2026_03
Q7XA63,,2026_03
Q7XA74,AT1G54030,2026_03
Q7XBQ8,,2026_03
Q7XJJ7,AT5G64440,2026_03
Q7XZU0,AT3G59770,2026_03
Q7XZU3,AT1G22620,2026_03
Q7Y175,AT4G15410,2026_03
Q7Y1W1,AT5G01590,2026_03
Q7Y208,AT1G66970,2026_03
Q7Y231,AT1G45150,2026_03
Q7Y232,AT2G15490,2026_03
Q84J81,AT3G09350,2026_03
Q84JB7,AT5G63550,2026_03
Q84JF2,AT1G62850,2026_03
Q84JF5,AT4G20130,2026_03
Q84JF7,AT2G39270,2026_03
Q84JK1,AT1G70200,2026_03
Q84JM6,,2026_03
Q84JU4,AT2G04550,2026_03
Q84JW0,AT3G28760,2026_03
Q84JW1,AT3G61070,2026_03
Q84K16,AT1G23900,2026_03
Q84K25,AT5G11980,2026_03
Q84K35,AT1G50510,2026_03
Q84K38,,2026_03
Q84K47,AT3G47730,2026_03
Q84K72,,2026_03
Q84K82,,2026_03
Q84K90,AT4G26410,2026_03
Q84L30,AT5G38470,2026_03
Q84L31,AT3G02540,2026_03
Q84L32,AT1G16190,2026_03
Q84L33,AT1G79650,2026_03
Q84M90,,2026_03
Q84M92,AT1G18450,2026_03
Q84M96,AT1G60680,2026_03
Q84MB1,AT5G38020,2026_03
Q84MB6,AT3G50210,2026_03
Q84MC0,AT3G06035,2026_03
Q84MC2,AT5G11950,2026_03
Q84MD7,,2026_03
Q84MD8,AT4G21470,2026_03
Q84N64,AT3G19720,2026_03
Q84ND9,AT3G20540,2026_03
Q84P21,AT1G20510,2026_03
Q84P23,AT5G63380,2026_03
Q84TD7,AT3G52390,2026_03
Q84TF0,AT2G37790,2026_03
Q84TF6,,2026_03
Q84TI2,AT2G37690,2026_03
Q84VQ3,AT5G21326,2026_03
Q84VQ4,AT5G21430,2026_03
Q84VW9,AT3G14940,2026_03
Q84VZ6,AT2G31140,2026_03
Q84W11,AT5G04750,2026_03
Q84W12,AT4G16450,2026_03
Q84W22,AT5G24970,2026_03
Q84W43,AT5G12960,2026_03
Q84W56,AT5G63420,2026_03
Q84W65,AT4G26500,2026_03
Q84W89,AT2G42520,2026_03
Q84W92,AT3G06930,2026_03
Q84WJ9,AT5G19680,2026_03
Q84WK5,AT1G61150,2026_03
Q84WM9,AT5G12110,2026_03
Q84WN0,AT4G37920,2026_03
Q84WS0,AT1G01900,2026_03
Q84WT8,AT4G16500,2026_03
Q84WU5,,2026_03
Q84WU8,AT2G29080,2026_03
Q84WV1,AT5G26360,2026_03
Q84WW2,AT5G24400,2026_03
Q84XU2,AT2G42810,2026_03
Q8GRL7,AT1G71440,2026_03
Q8GRX1,AT1G47600,2026_03
Q8GRX2,,2026_03
Q8GS60,AT1G04620,2026_03
Q8GSA7,AT2G22300,2026_03
Q8GSG8,,2026_03
Q8GSJ1,AT1G09795,2026_03
Q8GTR4,AT5G04360,2026_03
Q8GUG7,AT3G06980,2026_03
Q8GUH5,,2026_03
Q8GUI4,AT1G61900,2026_03
Q8GUK4,AT4G21650,2026_03
Q8GUK5,,2026_03
Q8GUL2,AT5G62600,2026_03
Q8GUL8,AT5G19230,2026_03
Q8GUM2,AT4G37910,2026_03
Q8GUM4,AT3G27390,2026_03
Q8GUN2,AT3G56490,2026_03
Q8GUN7,AT1G36280,2026_03
Q8GUP3,AT4G31880,2026_03
Q8GUQ8,AT4G34890,2026_03
Q8GW20,AT5G03900,2026_03
Q8GW48,AT4G15802,2026_03
Q8GW53,AT4G24340,2026_03
Q8GW56,AT2G03640,2026_03
Q8GW72,AT2G28100,2026_03
Q8GW78,AT4G12060,2026_03
Q8GWB7,AT5G18480,2026_03
Q8GWC7,,2026_03
Q8GWE0,AT4G16390,2026_03
Q8GWE1,AT4G17510,2026_03
Q8GWH3,AT5G35080,2026_03
Q8GWK5,AT1G22690,2026_03
Q8GWP4,AT2G21530,2026_03
Q8GWP5,AT4G20960,2026_03
Q8GWS0,AT4G28730,2026_03
Q8GWT4,AT4G31120,2026_03
Q8GWU0,AT5G47760,2026_03
Q8GWW8,AT5G48030,2026_03
Q8GXB7,AT5G24840,2026_03
Q8GXG9,AT1G44835,2026_03
Q8GXK1,,2026_03
Q8GXR5,AT1G12350,2026_03
Q8GXR9,AT5G08740,2026_03
Q8GXS3,AT4G25550,2026_03
Q8GXU7,AT4G13615,2026_03
Q8GXU8,AT4G30580,2026_03
Q8GXW8,,2026_03
Q8GXX7,AT3G02830,2026_03
Q8GY23,AT1G55860,2026_03
Q8GY46,AT5G13560,2026_03
Q8GY91,AT4G32320,2026_03
Q8GYA4,AT4G23180,2026_03
Q8GYB8,AT1G76690,2026_03
Q8GYC7,AT4G11960,2026_03
Q8GYH9,,2026_03
Q8GYI4,,2026_03
Q8GYI7,,2026_03
Q8GYL5,AT4G34555,2026_03
Q8GYM1,AT1G78340,2026_03
Q8GYN5,AT3G25070,2026_03
Q8GYN9,AT1G60550,2026_03
Q8GYX8,AT1G76700,2026_03
Q8GYZ0,,2026_03
Q8GZ29,AT5G13370,2026_03
Q8GZ81,AT3G30300,2026_03
Q8GZ87,AT1G14380,2026_03
Q8GZ99,AT5G49760,2026_03
Q8GZA4,AT1G65320,2026_03
Q8GZQ3,AT3G03710,2026_03
Q8H0S3,AT1G05520,2026_03
Q8H0S9,AT1G63770,2026_03
Q8H0T4,AT1G70320,2026_03
Q8H0U2,AT2G12400,2026_03
Q8H0U3,,2026_03
Q8H0U4,AT2G16950,2026_03
Q8H0U5,AT3G18890,2026_03
Q8H0V5,AT5G11270,2026_03
Q8H0V6,AT1G64550,2026_03
Q8H0W0,AT1G73060,2026_03
Q8H0W4,AT3G11560,2026_03
Q8H0X6,AT3G12490,2026_03
Q8H0Y1,AT5G42960,2026_03
Q8H0Z0,,2026_03
Q8H103,AT4G24620,2026_03
Q8H104,AT4G26870,2026_03
Q8H107,AT4G26910,2026_03
Q8H110,AT2G21150,2026_03
Q8H112,AT4G22890,2026_03
Q8H114,,2026_03
Q8H118,AT3G23300,2026_03
Q8H121,AT4G19880,2026_03
Q8H124,AT2G34460,2026_03
Q8H126,AT5G13030,2026_03
Q8H136,AT3G01540,2026_03
Q8H148,AT4G22285,2026_03
Q8H151,AT3G16170,2026_03
Q8H166,AT5G60360,2026_03
Q8H183,AT5G64370,2026_03
Q8H185,AT5G43850,2026_03
Q8H1E2,AT5G58330,2026_03
Q8H1F0,AT4G38900,2026_03
Q8H1F4,AT4G08520,2026_03
Q8H1G6,AT1G06700,2026_03
Q8H1Q2,AT5G50960,2026_03
Q8H1S4,AT1G06650,2026_03
Q8H1Y0,AT1G24180,2026_03
Q8H1Z0,AT5G57800,2026_03
Q8H7F6,AT2G38270,2026_03
Q8L3W1,AT3G18990,2026_03
Q8L3X8,AT3G55460,2026_03
Q8L466,,2026_03
Q8L475,AT1G74640,2026_03
Q8L4D8,AT1G74690,2026_03
Q8L4M1,AT2G19430,2026_03
Q8L4N1,AT4G27320,2026_03
Q8L4Q6,AT5G25070,2026_03
Q8L4R9,,2026_03
Q8L517,AT4G30490,2026_03
Q8L539,AT5G13050,2026_03
Q8L540,AT4G35760,2026_03
Q8L557,AT5G62440,2026_03
Q8L5U0,AT5G42970,2026_03
Q8L5Y0,AT4G36630,2026_03
Q8L5Y4,AT2G38770,2026_03
Q8L5Y6,AT2G02560,2026_03
Q8L5Y8,AT5G65840,2026_03
Q8L5Y9,AT4G32180,2026_03
Q8L5Z1,AT1G33811,2026_03
Q8L5Z4,AT2G25870,2026_03
Q8L5Z7,AT5G58440,2026_03
Q8L601,AT2G22400,2026_03
Q8L604,,2026_03
Q8L636,AT1G53210,2026_03
Q8L637,,2026_03
Q8L6Y1,AT3G20630,2026_03
Q8L6Z4,AT3G49080,2026_03
Q8L706,AT1G05500,2026_03
Q8L716,AT1G60900,2026_03
Q8L719,AT5G02530,2026_03
Q8L733,AT4G12130,2026_03
Q8L735,AT1G03310,2026_03
Q8L742,AT4G12290,2026_03
Q8L745,,2026_03
Q8L773,AT5G59950,2026_03
Q8L785,AT3G48110,2026_03
Q8L794,AT2G21370,2026_03
Q8L798,,2026_03
Q8L7A9,AT1G31730,2026_03
Q8L7B2,AT4G12910,2026_03
Q8L7C9,AT1G78370,2026_03
Q8L7E3,AT4G20110,2026_03
Q8L7I4,AT1G78200,2026_03
Q8L7K1,,2026_03
Q8L7K9,AT4G00570,2026_03
Q8L7L0,AT5G18570,2026_03
Q8L7L1,AT4G21540,2026_03
Q8L7N0,AT5G16070,2026_03
Q8L7R2,AT2G17265,2026_03
Q8L7R3,AT1G80950,2026_03
Q8L7S0,AT1G09730,2026_03
Q8L7S1,AT1G45201,2026_03
Q8L7S6,AT1G65590,2026_03
Q8L7S7,AT4G14350,2026_03
Q8L7S8,AT5G26742,2026_03
Q8L7S9,AT1G43560,2026_03
Q8L7T4,,2026_03
Q8L7T5,AT1G07990,2026_03
Q8L7U5,AT4G03080,2026_03
Q8L7V3,AT5G64030,2026_03
Q8L7W0,AT4G18060,2026_03
Q8L7W3,AT2G29210,2026_03
Q8L7W8,AT4G34260,2026_03
Q8L7Z3,AT5G18400,2026_03
Q8L828,AT3G15980,2026_03
Q8L831,AT1G79690,2026_03
Q8L835,AT1G18070,2026_03
Q8L838,AT4G01395,2026_03
Q8L844,AT5G42310,2026_03
Q8L860,AT4G32760,2026_03
Q8L866,AT2G42490,2026_03
Q8L8S0,AT5G57860,2026_03
Q8L8T2,AT5G63030,2026_03
Q8L940,AT5G01410,2026_03
Q8L953,AT5G47930,2026_03
Q8L9A0,AT4G30930,2026_03
Q8L9A9,AT1G11545,2026_03
Q8L9C4,AT1G67730,2026_03
Q8L9E3,,2026_03
Q8L9J9,AT4G34215,2026_03
Q8L9M8,AT1G33810,2026_03
Q8L9X1,,2026_03
Q8L9X2,AT5G19855,2026_03
Q8L9Y0,AT3G02110,2026_03
Q8LA13,AT3G58510,2026_03
Q8LA16,AT1G14510,2026_03
Q8LA96,AT4G17720,2026_03
Q8LAA6,AT4G23400,2026_03
Q8LAA8,,2026_03
Q8LAC4,AT1G05620,2026_03
Q8LAD0,AT5G60540,2026_03
Q8LAD2,AT5G23250,2026_03
Q8LAH7,AT1G76680,2026_03
Q8LAJ9,AT1G22520,2026_03
Q8LAM2,,2026_03
Q8LAN3,AT5G18900,2026_03
Q8LAP6,AT1G51110,2026_03
Q8LAS8,AT2G41530,2026_03
Q8LAZ7,AT1G22920,2026_03
Q8LB01,AT3G59890,2026_03
Q8LB02,AT5G40650,2026_03
Q8LB10,AT4G17040,2026_03
Q8LB47,AT4G26780,2026_03
Q8LBB2,AT3G48530,2026_03
Q8LBH2,AT2G01600,2026_03
Q8LBI1,AT3G25520,2026_03
Q8LBK6,AT3G15660,2026_03
Q8LBL5,AT3G24800,2026_03
Q8LBN7,AT4G33640,2026_03
Q8LBP6,AT5G08410,2026_03
Q8LBS4,AT2G20270,2026_03
Q8LBU2,AT1G63460,2026_03
Q8LBX7,AT1G43790,2026_03
Q8LBY9,,2026_03
Q8LC12,AT4G01897,2026_03
Q8LC68,AT1G18800,2026_03
Q8LC83,AT5G28060,2026_03
Q8LC95,AT5G25090,2026_03
Q8LCA1,AT2G46820,2026_03
Q8LCE1,AT1G66200,2026_03
Q8LCL3,AT3G22230,2026_03
Q8LCP6,AT1G75680,2026_03
Q8LCT2,,2026_03
Q8LCU7,AT3G45770,2026_03
Q8LCV1,AT5G66410,2026_03
Q8LCW9,AT1G01100,2026_03
Q8LD03,AT5G16130,2026_03
Q8LD27,AT4G31300,2026_03
Q8LD49,AT1G50320,2026_03
Q8LD98,AT1G65690,2026_03
Q8LDB7,,2026_03
Q8LDC9,,2026_03
Q8LDF2,AT5G64250,2026_03
Q8LDI5,AT1G11530,2026_03
Q8LDL0,AT1G67700,2026_03
Q8LDL9,,2026_03
Q8LDN2,,2026_03
Q8LDN8,AT1G63180,2026_03
Q8LDP4,AT2G29960,2026_03
Q8LDQ4,AT5G53000,2026_03
Q8LDQ8,,2026_03
Q8LDU1,AT3G03890,2026_03
Q8LDU4,AT4G37000,2026_03
Q8LDV3,AT4G13200,2026_03
Q8LDW8,AT1G06130,2026_03
Q8LE47,AT1G61870,2026_03
Q8LE52,AT5G16710,2026_03
Q8LE58,AT1G17730,2026_03
Q8LE63,,2026_03
Q8LEG3,AT4G26760,2026_03
Q8LEK2,AT1G09330,2026_03
Q8LEM7,AT4G26570,2026_03
Q8LEQ0,AT5G47700,2026_03
Q8LER3,AT4G37800,2026_03
Q8LEU3,AT5G04900,2026_03
Q8LEU9,,2026_03
Q8LEV7,AT5G24420,2026_03
Q8LEZ4,AT1G19520,2026_03
Q8LEZ8,AT2G17380,2026_03
Q8LF20,AT2G25430,2026_03
Q8LF21,AT1G14830,2026_03
Q8LF28,AT1G28680,2026_03
Q8LF48,AT1G04710,2026_03
Q8LF80,AT1G76540,2026_03
Q8LF99,AT5G65730,2026_03
Q8LFC0,AT4G35260,2026_03
Q8LFJ5,AT1G22270,2026_03
Q8LFL5,,2026_03
Q8LFQ6,AT5G20500,2026_03
Q8LFS6,AT4G03110,2026_03
Q8LG05,AT4G00238,2026_03
Q8LG50,AT3G57650,2026_03
Q8LG70,AT3G49360,2026_03
Q8LG77,AT3G09810,2026_03
Q8LG89,AT2G02850,2026_03
Q8LGC6,AT1G33040,2026_03
Q8LGE7,AT5G18800,2026_03
Q8LGG0,AT5G64350,2026_03
Q8LGG8,AT3G01520,2026_03
Q8LGH4,AT5G46210,2026_03
Q8LGI2,AT5G39410,2026_03
Q8LKS5,AT5G27600,2026_03
Q8LLD4,AT3G06540,2026_03
Q8LPJ3,AT5G13980,2026_03
Q8LPJ4,AT4G19210,2026_03
Q8LPJ5,AT5G14590,2026_03
Q8LPJ7,AT2G40510,2026_03
Q8LPK2,AT4G25960,2026_03
Q8LPK4,AT5G22780,2026_03
Q8LPL3,AT5G21100,2026_03
Q8LPL6,AT5G22770,2026_03
Q8LPR8,AT5G22640,2026_03
Q8LPR9,AT1G06950,2026_03
Q8LPS1,AT3G05970,2026_03
Q8LPS6,AT1G02150,2026_03
Q8LPS9,AT5G66920,2026_03
Q8RU07,AT2G30200,2026_03
Q8RUC6,AT2G35635,2026_03
Q8RUD6,AT2G21045,2026_03
Q8RUF8,AT5G12040,2026_03
Q8RUX8,AT2G44525,2026_03
Q8RV79,AT2G03750,2026_03
Q8RW90,AT1G12050,2026_03
Q8RW97,AT1G17340,2026_03
Q8RWC3,,2026_03
Q8RWF2,,2026_03
Q8RWG3,AT3G56140,2026_03
Q8RWG8,AT2G30060,2026_03
Q8RWH3,AT5G35980,2026_03
Q8RWI0,AT1G54520,2026_03
Q8RWI2,,2026_03
Q8RWJ5,AT1G29310,2026_03
Q8RWK6,,2026_03
Q8RWL2,AT1G76040,2026_03
Q8RWL6,AT4G35780,2026_03
Q8RWN4,AT1G75210,2026_03
Q8RWN5,AT5G04280,2026_03
Q8RWN9,AT3G13930,2026_03
Q8RWP0,,2026_03
Q8RWQ1,AT2G44710,2026_03
Q8RWR9,AT5G42070,2026_03
Q8RWT8,AT1G11870,2026_03
Q8RWU1,AT2G23370,2026_03
Q8RWU7,AT4G04210,2026_03
Q8RWU9,,2026_03
Q8RWV9,AT5G08450,2026_03
Q8RWX4,AT4G32250,2026_03
Q8RWY3,AT3G06400,2026_03
Q8RWY6,AT2G20190,2026_03
Q8RWY7,AT4G32420,2026_03
Q8RWZ3,AT3G06810,2026_03
Q8RWZ5,AT4G32300,2026_03
Q8RWZ7,AT2G28520,2026_03
Q8RX28,AT5G61060,2026_03
Q8RX56,AT5G06970,2026_03
Q8RX60,,2026_03
Q8RX69,,2026_03
Q8RX72,AT4G30910,2026_03
Q8RX79,AT3G62910,2026_03
Q8RX86,AT5G08370,2026_03
Q8RX87,AT5G20250,2026_03
Q8RX89,AT5G23390,2026_03
Q8RXD5,AT1G73260,2026_03
Q8RXD9,AT2G40840,2026_03
Q8RXE9,AT2G25840,2026_03
Q8RXF8,AT5G27540,2026_03
Q8RXG3,AT3G21220,2026_03
Q8RXH2,AT4G32910,2026_03
Q8RXI0,,2026_03
Q8RXK6,AT4G00660,2026_03
Q8RXK8,AT5G49030,2026_03
Q8RXM5,AT5G47420,2026_03
Q8RXN0,AT1G17840,2026_03
Q8RXN1,,2026_03
Q8RXN6,AT1G60170,2026_03
Q8RXN7,,2026_03
Q8RXP6,AT5G20520,2026_03
Q8RXQ4,,2026_03
Q8RXU5,AT3G60245,2026_03
Q8RXZ8,AT3G09980,2026_03
Q8RY08,,2026_03
Q8RY09,,2026_03
Q8RY11,AT3G05350,2026_03
Q8RY23,AT5G18860,2026_03
Q8RY25,AT1G10390,2026_03
Q8RY46,AT1G70610,2026_03
Q8RY73,AT4G17620,2026_03
Q8RY94,AT4G18440,2026_03
Q8RYC3,,2026_03
Q8RYE9,AT2G33255,2026_03
Q8S2T0,AT5G66030,2026_03
Q8S3U9,AT1G76850,2026_03
Q8S4F6,AT5G01220,2026_03
Q8S4Y1,AT5G48230,2026_03
Q8S528,AT1G23800,2026_03
Q8S8F8,AT2G22475,2026_03
Q8S8K0,AT2G17972,2026_03
Q8S8N9,AT2G19950,2026_03
Q8S8Q6,AT2G23810,2026_03
Q8S8R1,,2026_03
Q8S8T4,AT2G47650,2026_03
Q8S926,AT2G45170,2026_03
Q8S944,AT4G33650,2026_03
Q8S9J2,AT2G33840,2026_03
Q8S9J8,AT4G32285,2026_03
Q8S9K3,AT5G17790,2026_03
Q8S9K4,AT5G11850,2026_03
Q8S9K8,AT3G50440,2026_03
Q8S9L5,AT5G55220,2026_03
Q8S9M1,AT2G42130,2026_03
Q8SAB7,AT4G16340,2026_03
Q8VWF6,AT1G08470,2026_03
Q8VWG7,AT3G17880,2026_03
Q8VX13,AT3G54960,2026_03
Q8VXV0,AT3G52570,2026_03
Q8VXX4,AT5G27740,2026_03
Q8VXY0,,2026_03
Q8VXY9,AT5G43600,2026_03
Q8VXZ0,AT5G19460,2026_03
Q8VXZ5,AT2G35610,2026_03
Q8VXZ7,AT3G56310,2026_03
Q8VY01,AT2G33530,2026_03
Q8VY05,AT4G34430,2026_03
Q8VY06,AT1G49630,2026_03
Q8VY07,AT5G11710,2026_03
Q8VY12,AT5G42720,2026_03
Q8VY22,AT1G29050,2026_03
Q8VY49,AT2G20130,2026_03
Q8VY52,AT2G28605,2026_03
Q8VY57,AT3G49870,2026_03
Q8VY58,AT5G17070,2026_03
Q8VY70,,2026_03
Q8VY78,AT4G24940,2026_03
Q8VY84,AT3G60180,2026_03
Q8VY88,AT1G50900,2026_03
Q8VY92,AT1G69460,2026_03
Q8VYA5,AT2G37340,2026_03
Q8VYB7,AT4G24490,2026_03
Q8VYC9,,2026_03
Q8VYE2,AT1G55900,2026_03
Q8VYF1,AT4G17390,2026_03
Q8VYF2,,2026_03
Q8VYG2,AT3G10700,2026_03
Q8VYG9,AT3G11330,2026_03
Q8VYI0,AT1G65700,2026_03
Q8VYI3,AT1G76150,2026_03
Q8VYI4,AT1G14810,2026_03
Q8VYI9,AT5G64080,2026_03
Q8VYJ4,AT3G25150,2026_03
Q8VYJ6,,2026_03
Q8VYJ7,AT2G25140,2026_03
Q8VYK6,AT5G58420,2026_03
Q8VYK7,AT4G16520,2026_03
Q8VYL1,AT5G35170,2026_03
Q8VYM4,AT3G52150,2026_03
Q8VYN2,AT4G21450,2026_03
Q8VYN6,AT2G22480,2026_03
Q8VYP0,AT3G08950,2026_03
Q8VYR5,AT4G35850,2026_03
Q8VYT2,AT4G25940,2026_03
Q8VYV0,,2026_03
Q8VYV7,AT5G66120,2026_03
Q8VYW6,AT4G39640,2026_03
Q8VYY8,AT2G43630,2026_03
Q8VYZ8,AT1G64430,2026_03
Q8VZ10,AT1G56500,2026_03
Q8VZ18,,2026_03
Q8VZ19,AT1G77940,2026_03
Q8VZ23,,2026_03
Q8VZ31,AT1G04530,2026_03
Q8VZ49,AT1G64710,2026_03
Q8VZ50,AT1G62820,2026_03
Q8VZ57,,2026_03
Q8VZ68,,2026_03
Q8VZ74,AT5G66470,2026_03
Q8VZ93,AT3G59840,2026_03
Q8VZ95,AT3G60600,2026_03
Q8VZB1,AT2G39080,2026_03
Q8VZB5,AT5G14260,2026_03
Q8VZB9,AT1G08360,2026_03
Q8VZC3,AT5G62530,2026_03
Q8VZC7,AT5G45510,2026_03
Q8VZC9,AT4G19003,2026_03
Q8VZE9,AT4G34138,2026_03
Q8VZF1,AT3G16910,2026_03
Q8VZF3,AT2G47390,2026_03
Q8VZG1,AT2G18730,2026_03
Q8VZG7,AT5G07350,2026_03
Q8VZG8,AT4G08850,2026_03
Q8VZH1,,2026_03
Q8VZH2,AT4G33090,2026_03
Q8VZI2,AT4G33700,2026_03
Q8VZJ5,,2026_03
Q8VZK2,,2026_03
Q8VZK9,AT1G55850,2026_03
Q8VZL4,AT4G00290,2026_03
Q8VZM1,AT1G80410,2026_03
Q8VZN9,AT1G43900,2026_03
Q8VZP1,AT5G57440,2026_03
Q8VZS8,AT5G46790,2026_03
Q8VZT0,AT3G03920,2026_03
Q8VZT4,,2026_03
Q8VZT6,AT5G04260,2026_03
Q8VZU2,AT5G08080,2026_03
Q8VZW3,AT5G05270,2026_03
Q8VZW6,,2026_03
Q8W033,AT4G34240,2026_03
Q8W034,AT4G14300,2026_03
Q8W0Y8,AT4G28660,2026_03
Q8W0Z7,AT3G05190,2026_03
Q8W0Z9,AT3G58560,2026_03
Q8W112,AT5G20950,2026_03
Q8W1B3,AT4G21445,2026_03
Q8W1X2,AT5G37850,2026_03
Q8W207,AT2G26990,2026_03
Q8W456,AT1G20225,2026_03
Q8W463,AT4G17560,2026_03
Q8W471,AT4G14070,2026_03
Q8W482,,2026_03
Q8W486,AT1G04910,2026_03
Q8W493,AT1G20020,2026_03
Q8W496,AT4G25650,2026_03
Q8W497,AT2G19870,2026_03
Q8W498,,2026_03
Q8W4A0,,2026_03
Q8W4C1,,2026_03
Q8W4C5,,2026_03
Q8W4D0,AT3G44600,2026_03
Q8W4D4,AT3G59660,2026_03
Q8W4D6,AT1G16720,2026_03
Q8W4D7,AT3G07180,2026_03
Q8W4E1,AT1G12770,2026_03
Q8W4E2,AT1G20260,2026_03
Q8W4E6,AT5G25265,2026_03
Q8W4F1,AT2G46910,2026_03
Q8W4F3,AT1G25350,2026_03
Q8W4H8,AT1G54010,2026_03
Q8W4I6,AT3G57180,2026_03
Q8W4J9,AT5G43470,2026_03
Q8W4K6,AT4G13350,2026_03
Q8W4L3,AT4G00710,2026_03
Q8W4M5,AT1G12000,2026_03
Q8W4P1,AT5G64960,2026_03
Q8W4Q1,,2026_03
Q8W4Q4,AT4G24800,2026_03
Q8W4S4,AT4G39080,2026_03
Q8W575,AT5G14250,2026_03
Q8W585,AT1G06430,2026_03
Q8W586,AT4G21800,2026_03
Q8W593,AT1G67280,2026_03
Q93V62,,2026_03
Q93V66,AT3G57280,2026_03
Q93V74,AT4G34180,2026_03
Q93V88,AT4G33500,2026_03
Q93V93,AT4G26010,2026_03
Q93VA8,AT1G76010,2026_03
Q93VB0,AT2G40660,2026_03
Q93VB8,AT1G58684;AT1G58983;AT1G59359,2026_03
Q93VC7,AT5G30510,2026_03
Q93VC9,AT1G02305,2026_03
Q93VG5,AT5G20290,2026_03
Q93VH5,,2026_03
Q93VI3,AT1G27400,2026_03
Q93VI4,AT5G51120,2026_03
Q93VK5,AT1G31800,2026_03
Q93VP3,AT1G26630,2026_03
Q93VP9,AT4G27585,2026_03
Q93VQ0,AT2G38020,2026_03
Q93VR3,AT5G28840,2026_03
Q93VR4,AT1G24020,2026_03
Q93VS5,AT4G18905,2026_03
Q93VS8,AT5G19820,2026_03
Q93VT6,AT5G08540,2026_03
Q93VT9,AT1G14320,2026_03
Q93W02,AT5G24690,2026_03
Q93W05,,2026_03
Q93W22,AT1G66580,2026_03
Q93W28,AT4G15545,2026_03
Q93W30,,2026_03
Q93W34,AT4G27000,2026_03
Q93W77,AT4G01940,2026_03
Q93WC8,AT3G04830,2026_03
Q93WD7,AT1G03110,2026_03
Q93WF1,AT5G48900,2026_03
Q93WG3,AT1G08640,2026_03
Q93WI0,AT5G19370,2026_03
Q93WJ8,AT5G03630,2026_03
Q93WK6,,2026_03
Q93WL3,AT4G25370,2026_03
Q93WN0,AT4G14040,2026_03
Q93WX6,AT1G08490,2026_03
Q93XM7,AT5G46800,2026_03
Q93XN8,AT3G52340,2026_03
Q93XW5,AT5G48180,2026_03
Q93XX4,AT1G53590,2026_03
Q93XX5,AT5G67130,2026_03
Q93XY1,,2026_03
Q93XY5,AT2G20230,2026_03
Q93XY7,,2026_03
Q93XZ7,AT5G42570,2026_03
Q93Y07,AT3G06510,2026_03
Q93Y08,AT5G64940,2026_03
Q93Y09,AT1G28110,2026_03
Q93Y12,AT3G23640,2026_03
Q93Y22,AT5G05010,2026_03
Q93Y31,AT5G67560,2026_03
Q93Y35,AT4G24820,2026_03
Q93Y38,AT5G36290,2026_03
Q93Y40,AT5G59420,2026_03
Q93YN1,AT1G16670,2026_03
Q93YQ3,AT5G47435,2026_03
Q93YR3,AT4G22670,2026_03
Q93YS4,AT5G06530,2026_03
Q93YU5,AT3G10380,2026_03
Q93YU6,AT3G56120,2026_03
Q93YV7,AT4G14360,2026_03
Q93YW8,AT4G18970,2026_03
Q93YZ7,AT2G31810,2026_03
Q93Z08,AT5G58090,2026_03
Q93Z10,,2026_03
Q93Z11,AT5G37360,2026_03
Q93Z16,AT4G21150,2026_03
Q93Z18,AT4G28880,2026_03
Q93Z25,AT5G63180,2026_03
Q93Z30,AT4G18950,2026_03
Q93Z34,,2026_03
Q93Z53,AT1G32440,2026_03
Q93Z70,AT2G19940,2026_03
Q93Z72,,2026_03
Q93Z83,AT5G26280,2026_03
Q93ZA3,AT1G30760,2026_03
Q93ZB6,AT3G14930,2026_03
Q93ZC2,,2026_03
Q93ZC5,AT1G13280,2026_03
Q93ZD6,AT4G24880,2026_03
Q93ZE3,,2026_03
Q93ZE5,AT4G15940,2026_03
Q93ZG7,AT3G53110,2026_03
Q93ZG9,AT4G25340,2026_03
Q93ZH0,AT1G21880,2026_03
Q93ZH7,AT5G03040,2026_03
Q93ZI7,AT5G35430,2026_03
Q93ZK1,,2026_03
Q93ZM7,AT3G13860,2026_03
Q93ZN2,AT1G60710,2026_03
Q93ZN4,AT4G12830,2026_03
Q93ZN9,AT4G33680,2026_03
Q93ZR3,AT1G04080,2026_03
Q93ZT6,AT5G57870,2026_03
Q93ZV7,AT4G32720,2026_03
Q93ZV8,,2026_03
Q93ZW4,,2026_03
Q93ZY3,AT5G19690,2026_03
Q940B0,AT5G27850,2026_03
Q940B8,AT3G16630,2026_03
Q940B9,,2026_03
Q940G0,AT1G10950,2026_03
Q940G5,AT4G25900,2026_03
Q940I2,AT5G03880,2026_03
Q940J8,AT4G19410,2026_03
Q940J9,AT1G04430,2026_03
Q940K0,AT1G61180,2026_03
Q940N7,AT4G05150,2026_03
Q940P8,AT5G20890,2026_03
Q940Q1,AT1G04680,2026_03
Q940S0,AT1G14670,2026_03
Q940S9,AT3G57890,2026_03
Q940V1,AT4G39960,2026_03
Q940Y3,AT2G17410,2026_03
Q940Y8,AT3G16060,2026_03
Q940Y9,AT5G43745,2026_03
Q940Z5,AT5G39050,2026_03
Q941A4,AT5G45690,2026_03
Q941B2,,2026_03
Q941D3,AT5G19940,2026_03
Q941L0,AT5G05170,2026_03
Q941L3,AT5G61900,2026_03
Q943Z4,AT3G50560,2026_03
Q943Z6,AT1G48160,2026_03
Q944A2,AT1G20220,2026_03
Q944A3,,2026_03
Q944A6,AT1G09020,2026_03
Q944A7,AT4G35230,2026_03
Q944A9,AT2G35190,2026_03
Q944G5,AT3G47960,2026_03
Q944G6,,2026_03
Q944G9,AT4G38970,2026_03
Q944H0,AT1G48600,2026_03
Q944J2,AT4G28706,2026_03
Q944K2,AT5G66680,2026_03
Q944K3,AT5G26040,2026_03
Q944L8,AT1G11930,2026_03
Q944P7,AT4G30920,2026_03
Q945K7,AT5G03290,2026_03
Q945K9,,2026_03
Q945M1,AT4G34700,2026_03
Q945P1,AT2G39050,2026_03
Q945Q1,AT5G12140,2026_03
Q945Q5,,2026_03
Q948K8,AT4G09720,2026_03
Q948R9,AT3G17170,2026_03
Q949M9,AT1G01910,2026_03
Q949P2,AT5G10540,2026_03
Q949P3,AT2G17340,2026_03
Q949Q7,AT4G30810,2026_03
Q949R4,AT4G15093,2026_03
Q949R9,AT5G20090,2026_03
Q949S6,,2026_03
Q949S9,AT3G18165,2026_03
Q949U1,AT1G16410,2026_03
Q949U7,AT3G52960,2026_03
Q949W8,AT5G49650,2026_03
Q949X7,AT3G14390,2026_03
Q949X9,AT1G71040,2026_03
Q949Y0,AT1G51710,2026_03
Q949Y3,AT5G34850,2026_03
Q949Y5,AT5G35220,2026_03
Q94A08,AT3G57520,2026_03
Q94A09,AT1G36310,2026_03
Q94A18,AT3G16340,2026_03
Q94A28,AT4G26970,2026_03
Q94A32,AT3G43520,2026_03
Q94A40,AT1G62020,2026_03
Q94A41,AT1G69830,2026_03
Q94A52,AT3G19760,2026_03
Q94A65,AT4G27700,2026_03
Q94A68,AT1G06690,2026_03
Q94A78,AT1G03400,2026_03
Q94A94,AT5G11880,2026_03
Q94A97,AT1G78870,2026_03
Q94A98,AT1G65900,2026_03
Q94AA3,,2026_03
Q94AA4,AT4G26270,2026_03
Q94AB8,AT1G05070,2026_03
Q94AD1,AT1G48610,2026_03
Q94AF2,AT5G19150,2026_03
Q94AF6,AT5G20160,2026_03
Q94AF9,AT3G05165,2026_03
Q94AG6,AT4G39460,2026_03
Q94AH6,AT4G02570,2026_03
Q94AH9,AT4G25630,2026_03
Q94AI6,AT1G71820,2026_03
Q94AI7,AT1G15750,2026_03
Q94AI8,,2026_03
Q94AJ9,AT1G12800,2026_03
Q94AM1,AT5G65620,2026_03
Q94AQ8,AT1G64770,2026_03
Q94AR8,AT4G13430,2026_03
Q94AT1,AT5G53140,2026_03
Q94AU2,AT1G11890,2026_03
Q94AU3,,2026_03
Q94AU7,AT5G66510,2026_03
Q94AU9,AT4G04330,2026_03
Q94AX4,AT5G06580,2026_03
Q94AZ2,AT5G26340,2026_03
Q94AZ4,AT1G12310,2026_03
Q94AZ5,AT2G45060,2026_03
Q94B08,AT4G36880,2026_03
Q94B35,AT4G34350,2026_03
Q94B52,AT4G30690,2026_03
Q94B54,,2026_03
Q94B60,AT5G45390,2026_03
Q94B78,AT4G33010,2026_03
Q94BR1,AT5G63190,2026_03
Q94BR2,,2026_03
Q94BS2,AT1G55480,2026_03
Q94BT0,AT5G20280,2026_03
Q94BT9,AT1G66240,2026_03
Q94BV4,AT2G45810,2026_03
Q94BV5,AT1G62600,2026_03
Q94BY3,AT5G14030,2026_03
Q94BY7,AT3G17930,2026_03
Q94BZ0,,2026_03
Q94BZ7,AT5G04130,2026_03
Q94C48,AT4G32330,2026_03
Q94C57,AT4G34135,2026_03
Q94C59,AT1G30690,2026_03
Q94C69,AT2G17870,2026_03
Q94C74,AT5G26780,2026_03
Q94C86,AT3G16850,2026_03
Q94CB1,AT3G10720,2026_03
Q94CC0,AT5G49945,2026_03
Q94CC6,AT4G36195,2026_03
Q94CD8,AT3G13560,2026_03
Q94CE3,AT4G33580,2026_03
Q94CE4,AT1G70410,2026_03
Q94CE5,AT3G22200,2026_03
Q94CF0,AT3G20290,2026_03
Q94CJ5,AT5G12470,2026_03
Q94CK1,,2026_03
Q94EG6,AT5G02240,2026_03
Q94EH8,AT1G66260,2026_03
Q94EJ6,AT4G18030,2026_03
Q94F00,AT1G31190,2026_03
Q94F08,AT5G62630,2026_03
Q94F09,AT1G35620,2026_03
Q94F20,AT5G25460,2026_03
Q94F49,AT5G27670,2026_03
Q94FB9,AT4G39850,2026_03
Q94FN2,AT2G35630,2026_03
Q94FY7,AT4G32770,2026_03
Q94IB8,AT4G36480,2026_03
Q94II3,AT4G19120,2026_03
Q94II5,AT2G21620,2026_03
Q94JQ3,AT4G32520,2026_03
Q94JQ4,AT3G20390,2026_03
Q94JQ6,AT5G64740,2026_03
Q94JS0,AT5G13430,2026_03
Q94JS1,,2026_03
Q94JS4,AT1G76090,2026_03
Q94JT5,AT4G35220,2026_03
Q94JU3,AT1G02090,2026_03
Q94JV1,,2026_03
Q94JV2,,2026_03
Q94JW0,AT3G58180,2026_03
Q94JX5,AT1G10200,2026_03
Q94JY3,AT3G23570,2026_03
Q94K05,AT3G03960,2026_03
Q94K06,AT1G22660,2026_03
Q94K07,AT5G56950,2026_03
Q94K11,AT4G36530,2026_03
Q94K30,,2026_03
Q94K36,AT3G24100,2026_03
Q94K48,AT3G62530,2026_03
Q94K52,AT1G02475,2026_03
Q94K59,AT4G24350,2026_03
Q94K71,AT3G48420,2026_03
Q94K73,AT3G58140,2026_03
Q94K78,AT2G40765,2026_03
Q94K85,AT4G01610,2026_03
Q94K88,,2026_03
Q94K97,AT5G24490,2026_03
Q94KD0,AT5G58470,2026_03
Q94KD3,AT1G71270,2026_03
Q94KD8,AT1G02640,2026_03
Q94KE3,AT3G52990,2026_03
Q94KI8,AT4G03560,2026_03
Q94KT8,AT5G60920,2026_03
Q96242,AT5G42650,2026_03
Q96243,AT5G43370,2026_03
Q96250,AT2G33040,2026_03
Q96251,AT5G13450,2026_03
Q96252,AT5G47030,2026_03
Q96254,AT2G44100,2026_03
Q96255,AT4G35630,2026_03
Q96262,AT4G20260,2026_03
Q96266,AT2G47730,2026_03
Q96270,AT1G52690,2026_03
Q96283,AT3G46830,2026_03
Q96291,AT3G11630,2026_03
Q96292,AT3G18780,2026_03
Q96299,AT2G42590,2026_03
Q96300,AT3G02520,2026_03
Q96318,AT4G28520,2026_03
Q96321,AT3G06720,2026_03
Q96323,AT4G22880,2026_03
Q96327,AT3G51800,2026_03
Q96329,AT3G51840,2026_03
Q96500,AT3G26740,2026_03
Q96511,AT5G64100,2026_03
Q96514,AT1G13110,2026_03
Q96518,AT2G18980,2026_03
Q96520,AT1G71695,2026_03
Q96522,AT4G30170,2026_03
Q96528,AT1G20630,2026_03
Q96529,AT3G57610,2026_03
Q96533,AT5G43940,2026_03
Q9ASP6,AT4G00830,2026_03
Q9ASQ5,AT2G11520,2026_03
Q9ASR1,AT1G56070,2026_03
Q9ASS2,AT1G20110,2026_03
Q9ASS4,AT5G48380,2026_03
Q9ASS6,AT5G13120,2026_03
Q9AST8,AT2G16005,2026_03
Q9AST9,,2026_03
Q9ASV5,AT4G39690,2026_03
Q9ASV6,AT3G15190,2026_03
Q9ASW5,,2026_03
Q9ASX5,AT5G05200,2026_03
Q9ASY9,AT3G16990,2026_03
Q9ASZ9,AT1G60730,2026_03
Q9AV97,AT1G79500,2026_03
Q9C4Z6,AT1G48630,2026_03
Q9C500,AT1G47200,2026_03
Q9C505,AT1G69410,2026_03
Q9C508,AT1G57990,2026_03
Q9C509,AT1G27980,2026_03
Q9C512,AT1G51590,2026_03
Q9C514,AT1G48830,2026_03
Q9C522,AT3G06650,2026_03
Q9C524,AT1G66430,2026_03
Q9C525,AT1G66270,2026_03
Q9C535,,2026_03
Q9C550,AT1G74040,2026_03
Q9C551,AT1G31970,2026_03
Q9C574,AT5G22140,2026_03
Q9C576,,2026_03
Q9C5A9,AT5G08680,2026_03
Q9C5C2,AT5G25980,2026_03
Q9C5C5,AT1G07700,2026_03
Q9C5C7,,2026_03
Q9C5C8,AT4G21860,2026_03
Q9C5D0,AT4G34120,2026_03
Q9C5E5,AT2G20900,2026_03
Q9C5E7,AT4G25880,2026_03
Q9C5F4,,2026_03
Q9C5F6,,2026_03
Q9C5G5,AT3G51460,2026_03
Q9C5G6,,2026_03
Q9C5G7,AT4G23040,2026_03
Q9C5H4,AT3G16270,2026_03
Q9C5H9,AT5G17410,2026_03
Q9C5I1,AT5G52560,2026_03
Q9C5I9,,2026_03
Q9C5J7,AT5G56630,2026_03
Q9C5J8,AT5G19620,2026_03
Q9C5M0,AT5G19760,2026_03
Q9C5M8,AT4G24780,2026_03
Q9C5R8,AT5G06290,2026_03
Q9C5U3,AT5G19990,2026_03
Q9C5U8,AT5G63890,2026_03
Q9C5W3,AT1G21640,2026_03
Q9C5X3,AT1G12360,2026_03
Q9C5Y0,AT4G35790,2026_03
Q9C5Z2,AT1G10840,2026_03
Q9C5Z3,AT3G57290,2026_03
Q9C658,AT1G26110,2026_03
Q9C681,AT1G51060,2026_03
Q9C685,AT1G51100,2026_03
Q9C6B3,AT1G47260,2026_03
Q9C6B9,AT1G73600,2026_03
Q9C6D2,AT1G49820,2026_03
Q9C6I6,AT1G50940,2026_03
Q9C6U3,,2026_03
Q9C6X2,AT1G32050,2026_03
Q9C713,AT1G66530,2026_03
Q9C718,AT1G55150,2026_03
Q9C723,AT1G55090,2026_03
Q9C744,AT1G48760,2026_03
Q9C768,AT3G11340,2026_03
Q9C774,AT3G11270,2026_03
Q9C787,,2026_03
Q9C7F5,AT1G27970,2026_03
Q9C7F7,AT1G27950,2026_03
Q9C7N2,AT1G29690,2026_03
Q9C7N4,AT1G29670,2026_03
Q9C7N5,AT1G29660,2026_03
Q9C7S3,AT1G42960,2026_03
Q9C7V7,AT1G64330,2026_03
Q9C7W1,AT1G64370,2026_03
Q9C7W4,AT1G64400,2026_03
Q9C7W7,AT1G64440,2026_03
Q9C7X5,AT1G56430,2026_03
Q9C7Y2,AT1G32580,2026_03
Q9C7Y4,AT1G32550,2026_03
Q9C803,,2026_03
Q9C820,AT1G52280,2026_03
Q9C824,AT1G52320,2026_03
Q9C829,AT1G52380,2026_03
Q9C835,AT3G66654,2026_03
Q9C865,AT1G31440,2026_03
Q9C891,AT1G55210,2026_03
Q9C8D3,AT1G66130,2026_03
Q9C8D8,,2026_03
Q9C8E6,AT1G42550,2026_03
Q9C8F1,AT1G36730,2026_03
Q9C8G5,AT1G30360,2026_03
Q9C8G9,AT1G30400,2026_03
Q9C8H3,AT1G51570,2026_03
Q9C8I6,AT1G51800,2026_03
Q9C8K2,AT1G51500,2026_03
Q9C8K8,,2026_03
Q9C8L2,AT1G53520,2026_03
Q9C8L4,AT1G53580,2026_03
Q9C8L9,AT1G53645,2026_03
Q9C8N0,AT1G53760,2026_03
Q9C8P0,AT1G34430,2026_03
Q9C8P5,,2026_03
Q9C8W7,,2026_03
Q9C8X4,AT1G36390,2026_03
Q9C8Y9,AT1G66280,2026_03
Q9C901,,2026_03
Q9C907,AT1G74210,2026_03
Q9C909,AT1G74230,2026_03
Q9C920,AT1G53000,2026_03
Q9C923,AT1G52980,2026_03
Q9C942,AT1G52760,2026_03
Q9C944,AT1G52740,2026_03
Q9C952,AT1G61010,2026_03
Q9C958,AT1G60940,2026_03
Q9C969,AT1G80360,2026_03
Q9C977,AT1G80270,2026_03
Q9C9C0,AT1G73990,2026_03
Q9C9C4,AT1G74030,2026_03
Q9C9C5,AT1G74050,2026_03
Q9C9C6,AT1G74060,2026_03
Q9C9C9,AT1G74090,2026_03
Q9C9D0,AT1G74100,2026_03
Q9C9E6,AT1G72480,2026_03
Q9C9G5,,2026_03
Q9C9I7,AT1G71500,2026_03
Q9C9K3,AT1G76550,2026_03
Q9C9L0,AT1G69670,2026_03
Q9C9M1,AT1G66680,2026_03
Q9C9N6,AT1G66840,2026_03
Q9C9P3,AT1G74910,2026_03
Q9C9P4,AT1G74960,2026_03
Q9C9Q4,AT1G75100,2026_03
Q9C9R3,AT1G78190,2026_03
Q9C9V9,AT1G67930,2026_03
Q9C9W3,AT1G67980,2026_03
Q9C9W5,AT1G68010,2026_03
Q9C9X0,AT1G68060,2026_03
Q9C9Y6,AT3G08710,2026_03
Q9C9Y8,AT3G08680,2026_03
Q9C9Z2,AT3G08640,2026_03
Q9C9Z3,AT3G08630,2026_03
Q9C9Z6,AT3G08600,2026_03
Q9CA40,AT1G68760,2026_03
Q9CA57,AT1G74590,2026_03
Q9CA59,AT1G74560,2026_03
Q9CA67,AT1G74470,2026_03
Q9CA75,AT1G74380,2026_03
Q9CA83,AT1G79750,2026_03
Q9CA90,AT1G79870,2026_03
Q9CAB7,AT1G70670,2026_03
Q9CAC8,AT1G63610,2026_03
Q9CAD1,AT1G63660,2026_03
Q9CAF2,AT3G10620,2026_03
Q9CAF5,AT3G10670,2026_03
Q9CAF6,AT3G10690,2026_03
Q9CAI3,AT1G72680,2026_03
Q9CAI5,AT1G72710,2026_03
Q9CAK8,AT1G63970,2026_03
Q9CAL2,AT1G70530,2026_03
Q9CAL3,AT1G70520,2026_03
Q9CAN8,AT1G63050,2026_03
Q9CAP8,AT1G77590,2026_03
Q9CAQ8,AT1G77470,2026_03
Q9CAR7,AT1G69840,2026_03
Q9CAT7,AT1G73230,2026_03
Q9CAV0,AT3G04840,2026_03
Q9CAW4,AT3G05000,2026_03
Q9CAX6,AT3G11510,2026_03
Q9CAX7,AT3G11500,2026_03
Q9FDW8,AT1G26340,2026_03
Q9FDZ9,AT1G57660;AT1G57860,2026_03
Q9FE06,AT5G64260,2026_03
Q9FE18,,2026_03
Q9FE20,AT5G13160,2026_03
Q9FE29,AT4G15610,2026_03
Q9FE38,AT4G23640,2026_03
Q9FE46,AT5G17220,2026_03
Q9FE54,AT1G16850,2026_03
Q9FE58,AT5G27770,2026_03
Q9FE63,AT5G56600,2026_03
Q9FE65,AT1G69620,2026_03
Q9FE68,AT1G07240,2026_03
Q9FE78,AT5G05470,2026_03
Q9FE79,AT5G47960,2026_03
Q9FEA2,AT5G64050,2026_03
Q9FEB5,AT3G52180,2026_03
Q9FEC1,AT1G34000,2026_03
Q9FEE2,AT5G18580,2026_03
Q9FEF8,AT5G52470,2026_03
Q9FEF9,,2026_03
Q9FF10,AT5G07830,2026_03
Q9FF52,AT5G60670,2026_03
Q9FF53,AT5G60660,2026_03
Q9FF55,AT5G60640,2026_03
Q9FF75,AT5G04990,2026_03
Q9FF86,AT5G23940,2026_03
Q9FF88,AT5G23920,2026_03
Q9FF90,AT5G23900,2026_03
Q9FF91,AT5G23890,2026_03
Q9FF97,,2026_03
Q9FF98,AT5G23820,2026_03
Q9FFC0,AT5G22880,2026_03
Q9FFC7,AT5G22800,2026_03
Q9FFC9,AT5G16550,2026_03
Q9FFD2,AT5G16510,2026_03
Q9FFE0,AT5G16450,2026_03
Q9FFE6,AT5G16370,2026_03
Q9FFF4,AT5G16290,2026_03
Q9FFG3,AT5G05520,2026_03
Q9FFG6,AT5G05480,2026_03
Q9FFH6,AT5G44130,2026_03
Q9FFJ2,AT5G17170,2026_03
Q9FFN4,AT5G63800,2026_03
Q9FFP6,AT5G63680,2026_03
Q9FFP9,AT5G63650,2026_03
Q9FFQ0,AT5G63640,2026_03
Q9FFQ4,AT5G63600,2026_03
Q9FFQ7,AT5G63560,2026_03
Q9FFR3,AT5G41670,2026_03
Q9FFS0,AT5G41600,2026_03
Q9FFS8,AT5G41520,2026_03
Q9FFT4,AT5G54960,2026_03
Q9FFT6,AT5G54940,2026_03
Q9FFT9,AT5G54910,2026_03
Q9FFV2,,2026_03
Q9FFV8,,2026_03
Q9FFW8,AT5G38530,2026_03
Q9FFW9,,2026_03
Q9FG01,AT5G06160,2026_03
Q9FG23,AT5G06830,2026_03
Q9FG31,AT5G06760,2026_03
Q9FG34,AT5G06730,2026_03
Q9FG36,AT5G06690,2026_03
Q9FG37,AT5G06680,2026_03
Q9FG38,AT5G06140,2026_03
Q9FG54,AT5G54370,2026_03
Q9FG65,AT5G36220,2026_03
Q9FG71,AT5G55940,2026_03
Q9FG73,AT5G55920,2026_03
Q9FG74,AT5G55910,2026_03
Q9FG81,,2026_03
Q9FGC7,AT5G67030,2026_03
Q9FGE4,,2026_03
Q9FGF0,AT5G64460,2026_03
Q9FGF3,,2026_03
Q9FGF4,AT5G64420,2026_03
Q9FGH3,,2026_03
Q9FGH9,AT5G58430,2026_03
Q9FGK3,AT5G47540,2026_03
Q9FGM0,AT5G53170,2026_03
Q9FGN0,AT5G51430,2026_03
Q9FGP9,AT5G22790,2026_03
Q9FGS0,AT5G50250,2026_03
Q9FGS4,AT5G50210,2026_03
Q9FGT3,,2026_03
Q9FGT8,AT5G58070,2026_03
Q9FGT9,AT5G58050,2026_03
Q9FGU1,,2026_03
Q9FGX1,AT5G49460,2026_03
Q9FGY1,AT5G49360,2026_03
Q9FGY8,,2026_03
Q9FGY9,AT5G49570,2026_03
Q9FH02,AT5G42270,2026_03
Q9FH04,AT5G42250,2026_03
Q9FH05,AT5G42240,2026_03
Q9FH13,AT5G56260,2026_03
Q9FH31,AT5G54740,2026_03
Q9FH46,,2026_03
Q9FH82,AT5G45280,2026_03
Q9FH98,,2026_03
Q9FHD7,AT5G41260,2026_03
Q9FHG2,AT5G46430,2026_03
Q9FHG3,AT5G46420,2026_03
Q9FHL4,AT5G23440,2026_03
Q9FHL8,,2026_03
Q9FHM7,AT5G51570,2026_03
Q9FHR8,AT5G43280,2026_03
Q9FHT4,AT5G37310,2026_03
Q9FHW7,AT5G42190,2026_03
Q9FHX0,AT5G42150,2026_03
Q9FHX2,AT5G42130,2026_03
Q9FHY8,AT5G41950,2026_03
Q9FI15,,2026_03
Q9FI36,,2026_03
Q9FI47,,2026_03
Q9FI53,AT5G50950,2026_03
Q9FI56,AT5G50920,2026_03
Q9FI61,AT5G50870,2026_03
Q9FI78,AT5G48930,2026_03
Q9FI97,AT5G05890,2026_03
Q9FIA0,AT5G05860,2026_03
Q9FIA1,AT5G55050,2026_03
Q9FID0,AT5G39110,2026_03
Q9FID2,,2026_03
Q9FID9,AT5G38990,2026_03
Q9FIF9,AT5G59150,2026_03
Q9FIG9,AT5G42480,2026_03
Q9FIH8,AT5G42390,2026_03
Q9FIJ0,AT5G47910,2026_03
Q9FIJ2,AT5G47890,2026_03
Q9FIJ5,AT5G47860,2026_03
Q9FIK7,AT5G47720,2026_03
Q9FIK8,AT5G47710,2026_03
Q9FIL1,AT5G59010,2026_03
Q9FIL6,AT5G58950,2026_03
Q9FIM2,AT5G58870,2026_03
Q9FIN1,AT5G24410,2026_03
Q9FIN7,AT5G24350,2026_03
Q9FIQ0,AT5G46750,2026_03
Q9FIS4,,2026_03
Q9FIU6,AT5G54580,2026_03
Q9FIW4,AT5G36890,2026_03
Q9FIX1,AT5G39730,2026_03
Q9FIZ7,AT5G37830,2026_03
Q9FJ62,AT5G55480,2026_03
Q9FJ82,AT5G52100,2026_03
Q9FJ95,AT5G51970,2026_03
Q9FJA6,AT5G35530,2026_03
Q9FJD0,AT5G53530,2026_03
Q9FJD4,AT5G53480,2026_03
Q9FJE8,AT5G59870,2026_03
Q9FJF1,AT5G59840,2026_03
Q9FJH0,AT5G60860,2026_03
Q9FJH6,AT5G60790,2026_03
Q9FJI5,AT5G40760,2026_03
Q9FJK8,AT5G48620,2026_03
Q9FJL3,AT5G48570,2026_03
Q9FJN8,AT5G65270,2026_03
Q9FJP0,AT5G65250,2026_03
Q9FJP3,AT5G65220,2026_03
Q9FJR0,AT5G47010,2026_03
Q9FJS1,AT5G46890,2026_03
Q9FJT8,AT5G56740,2026_03
Q9FJU9,AT5G56590,2026_03
Q9FJW0,,2026_03
Q9FJW4,AT5G67590,2026_03
Q9FJX2,AT5G67510,2026_03
Q9FJX3,AT5G67500,2026_03
Q9FJY1,,2026_03
Q9FJY6,,2026_03
Q9FJZ7,AT5G66420,2026_03
Q9FJZ9,AT5G66390,2026_03
Q9FK05,AT5G53370,2026_03
Q9FK25,AT5G54160,2026_03
Q9FK35,AT5G50370,2026_03
Q9FK68,AT5G45750,2026_03
Q9FK75,AT5G45670,2026_03
Q9FK81,AT5G22580,2026_03
Q9FK88,AT5G22510,2026_03
Q9FKA3,,2026_03
Q9FKA4,AT5G39580,2026_03
Q9FKA5,AT5G39570,2026_03
Q9FKB3,AT5G48840,2026_03
Q9FKB7,AT5G48790,2026_03
Q9FKC0,AT5G48760,2026_03
Q9FKE9,AT5G45160,2026_03
Q9FKG3,AT5G61580,2026_03
Q9FKH6,AT5G35735,2026_03
Q9FKI0,AT5G35700,2026_03
Q9FKI4,AT5G13780,2026_03
Q9FKJ4,,2026_03
Q9FKK7,AT5G57655,2026_03
Q9FKM4,AT5G57460,2026_03
Q9FKN5,AT5G17910,2026_03
Q9FKS0,AT5G40870,2026_03
Q9FKS5,AT5G40810,2026_03
Q9FKT1,AT5G56170,2026_03
Q9FKT5,AT5G56130,2026_03
Q9FKU8,AT5G44400,2026_03
Q9FKU9,AT5G44390,2026_03
Q9FKV6,,2026_03
Q9FKV9,,2026_03
Q9FKW4,AT5G66210,2026_03
Q9FKW5,AT5G66200,2026_03
Q9FKW6,AT5G66190,2026_03
Q9FKX3,,2026_03
Q9FL12,AT5G40200,2026_03
Q9FL37,,2026_03
Q9FL44,AT5G07020,2026_03
Q9FL69,AT5G54310,2026_03
Q9FL96,AT5G45010,2026_03
Q9FLC0,AT5G05340,2026_03
Q9FLF0,AT5G39850,2026_03
Q9FLG1,AT5G64570,2026_03
Q9FLG8,AT5G64500,2026_03
Q9FLH0,AT5G65770,2026_03
Q9FLH2,AT5G65750,2026_03
Q9FLH8,AT5G51830,2026_03
Q9FLI4,AT5G51750,2026_03
Q9FLI7,AT5G51720,2026_03
Q9FLK9,,2026_03
Q9FLM4,,2026_03
Q9FLN4,AT5G40950,2026_03
Q9FLP0,AT5G55230,2026_03
Q9FLP3,AT5G55200,2026_03
Q9FLQ4,AT5G55070,2026_03
Q9FLS8,AT5G61810,2026_03
Q9FLT0,AT5G61780,2026_03
Q9FLT9,AT5G24650,2026_03
Q9FLW0,AT5G24010,2026_03
Q9FLW9,AT5G52920,2026_03
Q9FLX7,AT5G52840,2026_03
Q9FLY5,AT5G39500,2026_03
Q9FM01,AT5G39320,2026_03
Q9FM04,AT5G62930,2026_03
Q9FM11,,2026_03
Q9FM19,AT5G62740,2026_03
Q9FM47,AT5G40490,2026_03
Q9FM54,AT5G62980,2026_03
Q9FM65,AT5G55730,2026_03
Q9FM77,,2026_03
Q9FM85,AT5G56460,2026_03
Q9FM96,AT5G56360,2026_03
Q9FM97,AT5G56350,2026_03
Q9FMA3,AT5G56290,2026_03
Q9FMB1,,2026_03
Q9FMC7,,2026_03
Q9FMD5,AT5G16620,2026_03
Q9FMD7,AT5G16590,2026_03
Q9FME2,AT5G60980,2026_03
Q9FME9,,2026_03
Q9FMF1,,2026_03
Q9FMF5,AT5G64330,2026_03
Q9FMF7,AT5G64290,2026_03
Q9FMF8,AT5G64280,2026_03
Q9FMF9,,2026_03
Q9FMG4,AT5G64200,2026_03
Q9FMH8,AT5G43060,2026_03
Q9FMI7,AT5G64110,2026_03
Q9FMI8,,2026_03
Q9FMK9,AT5G63140,2026_03
Q9FMM3,AT5G42950,2026_03
Q9FMN0,AT5G42890,2026_03
Q9FMN2,AT5G42870,2026_03
Q9FMN4,AT5G42850,2026_03
Q9FMP3,AT5G12200,2026_03
Q9FMR5,AT5G22360,2026_03
Q9FMR9,AT5G22330,2026_03
Q9FMS0,,2026_03
Q9FMT1,AT5G14200,2026_03
Q9FMT4,AT5G14170,2026_03
Q9FMT8,,2026_03
Q9FMU6,AT5G14040,2026_03
Q9FMV5,AT5G63470,2026_03
Q9FMX0,AT5G23310,2026_03
Q9FN02,AT5G63870,2026_03
Q9FN03,AT5G63860,2026_03
Q9FN08,AT5G63810,2026_03
Q9FN15,AT5G67370,2026_03
Q9FN21,,2026_03
Q9FN42,AT5G23140,2026_03
Q9FN48,AT5G23060,2026_03
Q9FN50,AT5G23040,2026_03
Q9FN52,AT5G23020,2026_03
Q9FN89,AT5G59750,2026_03
Q9FNA0,AT5G59610,2026_03
Q9FNA1,AT5G13720,2026_03
Q9FNA3,AT5G13690,2026_03
Q9FNB0,AT5G13630,2026_03
Q9FNC4,AT5G44020,2026_03
Q9FNC9,AT5G43970,2026_03
Q9FND9,AT5G40390,2026_03
Q9FNF2,AT5G24300,2026_03
Q9FNF6,AT5G24260,2026_03
Q9FNH6,AT5G06320,2026_03
Q9FNK4,AT5G46180,2026_03
Q9FNM5,AT5G08650,2026_03
Q9FNM7,AT5G08610,2026_03
Q9FNN0,AT5G08580,2026_03
Q9FNN1,AT5G08570,2026_03
Q9FNN2,AT5G08560,2026_03
Q9FNN5,AT5G08530,2026_03
Q9FNP8,AT5G61170,2026_03
Q9FNX5,AT3G60190,2026_03
Q9FPE4,AT1G28660,2026_03
Q9FPF0,AT3G14990,2026_03
Q9FPH2,,2026_03
Q9FPH3,AT3G04520,2026_03
Q9FPJ4,AT5G47200,2026_03
Q9FPJ8,AT5G54900,2026_03
Q9FPS3,AT4G30890,2026_03
Q9FPT1,AT5G06600,2026_03
Q9FQ03,AT1G75660,2026_03
Q9FR37,AT1G08980,2026_03
Q9FR44,AT3G18000,2026_03
Q9FRL3,AT1G75220,2026_03
Q9FRL8,AT1G75270,2026_03
Q9FT52,AT3G52300,2026_03
Q9FT77,AT4G16990,2026_03
Q9FT97,AT5G08380,2026_03
Q9FUP0,AT2G06050,2026_03
Q9FUS6,AT1G27130,2026_03
Q9FUS8,AT1G10370,2026_03
Q9FUS9,AT1G10360,2026_03
Q9FUZ2,AT5G14660,2026_03
Q9FV49,AT2G44180,2026_03
Q9FV50,AT4G37040,2026_03
Q9FV52,AT1G13270,2026_03
Q9FV53,AT1G15390,2026_03
Q9FV81,AT1G48520,2026_03
Q9FVC8,AT2G45440,2026_03
Q9FVE6,AT3G44750,2026_03
Q9FVP6,AT1G48860,2026_03
Q9FVQ1,AT1G48920,2026_03
Q9FVR1,AT1G32160,2026_03
Q9FVR6,AT1G32220,2026_03
Q9FVR9,AT1G57770,2026_03
Q9FVT2,AT1G57720,2026_03
Q9FVU0,AT1G57620,2026_03
Q9FVV7,AT1G71310,2026_03
Q9FVW3,AT1G33990,2026_03
Q9FW48,AT1G33600,2026_03
Q9FWA3,AT3G02360,2026_03
Q9FWR4,AT1G19570,2026_03
Q9FWR5,AT1G19580,2026_03
Q9FWS4,AT1G75350,2026_03
Q9FWT4,,2026_03
Q9FWX7,AT1G02520,2026_03
Q9FX08,AT1G47380,2026_03
Q9FX21,AT1G34130,2026_03
Q9FX45,AT1G73530,2026_03
Q9FX54,AT1G13440,2026_03
Q9FX60,AT1G13370,2026_03
Q9FX93,AT1G49650,2026_03
Q9FX94,AT1G49660,2026_03
Q9FX99,AT1G49730,2026_03
Q9FXA0,,2026_03
Q9FXA1,AT1G49750,2026_03
Q9FXA2,AT1G49760,2026_03
Q9FXA8,AT1G56560,2026_03
Q9FXB0,,2026_03
Q9FXB5,,2026_03
Q9FXD4,AT1G67680,2026_03
Q9FXD8,AT1G67750,2026_03
Q9FXE5,AT1G67830,2026_03
Q9FXH1,AT1G19720,2026_03
Q9FXH3,AT1G19740,2026_03
Q9FXI5,AT1G19870,2026_03
Q9FXT6,AT5G62810,2026_03
Q9FY49,AT5G13520,2026_03
Q9FY50,AT5G13510,2026_03
Q9FY61,AT5G11040,2026_03
Q9FY71,AT5G09440,2026_03
Q9FY89,AT5G09260,2026_03
Q9FY99,AT5G13110,2026_03
Q9FYA6,AT5G65780,2026_03
Q9FYC2,AT3G44880,2026_03
Q9FYC4,AT3G44860,2026_03
Q9FYG2,AT1G67310,2026_03
Q9FYH8,,2026_03
Q9FYK3,,2026_03
Q9FYL3,AT1G24490,2026_03
Q9FYR6,AT5G52520,2026_03
Q9FZ24,AT1G02370,2026_03
Q9FZ27,AT1G02335,2026_03
Q9FZ33,AT1G54990,2026_03
Q9FZ42,AT1G54870,2026_03
Q9FZ43,,2026_03
Q9FZ47,AT1G16880,2026_03
Q9FZ48,AT1G16890,2026_03
Q9FZ76,AT1G18540,2026_03
Q9FZ80,AT1G18590,2026_03
Q9FZ87,AT1G28130,2026_03
Q9FZ89,AT1G28150,2026_03
Q9FZA2,AT1G28290,2026_03
Q9FZC4,AT1G26380,2026_03
Q9FZC5,AT1G26390,2026_03
Q9FZE1,AT1G26570,2026_03
Q9FZI4,AT1G66940,2026_03
Q9FZK4,AT1G27310,2026_03
Q9FZK5,AT1G27300,2026_03
Q9LD28,AT5G54640,2026_03
Q9LD43,AT2G38040,2026_03
Q9LD55,AT4G11420,2026_03
Q9LD57,AT3G12780,2026_03
Q9LD90,AT3G57150,2026_03
Q9LDA4,AT4G08780,2026_03
Q9LDA7,AT3G15260,2026_03
Q9LDB4,AT3G08770,2026_03
Q9LDD5,AT4G11570,2026_03
Q9LDD8,AT4G34030,2026_03
Q9LDI9,,2026_03
Q9LDN6,AT3G15220,2026_03
Q9LDN9,AT4G08770,2026_03
Q9LDV4,AT1G72330,2026_03
Q9LDY5,AT1G18170,2026_03
Q9LDZ0,AT5G09590,2026_03
Q9LE06,AT3G19710,2026_03
Q9LE22,AT1G18210,2026_03
Q9LE82,AT3G63130,2026_03
Q9LEQ9,,2026_03
Q9LER7,AT3G56910,2026_03
Q9LES2,AT3G56860,2026_03
Q9LEU5,AT5G10950,2026_03
Q9LEU8,AT5G10920,2026_03
Q9LEV3,AT5G10860,2026_03
Q9LEW8,AT3G61080,2026_03
Q9LEX1,AT3G61050,2026_03
Q9LEY9,AT5G08180,2026_03
Q9LF04,AT5G16240,2026_03
Q9LF27,AT5G15550,2026_03
Q9LF30,AT5G15520,2026_03
Q9LF33,AT5G15490,2026_03
Q9LF34,AT5G15480,2026_03
Q9LF37,AT5G15450,2026_03
Q9LF41,AT5G15400,2026_03
Q9LF46,AT5G17380,2026_03
Q9LF61,AT5G17630,2026_03
Q9LF68,AT5G17560,2026_03
Q9LF79,AT5G57110,2026_03
Q9LF88,AT3G53040,2026_03
Q9LF97,AT3G52950,2026_03
Q9LF98,AT3G52930,2026_03
Q9LF99,,2026_03
Q9LFA3,AT3G52880,2026_03
Q9LFA4,AT3G52870,2026_03
Q9LFB2,AT5G01240,2026_03
Q9LFB5,,2026_03
Q9LFD5,AT5G16840,2026_03
Q9LFE4,AT5G16730,2026_03
Q9LFF1,AT3G53700,2026_03
Q9LFF6,AT3G53650,2026_03
Q9LFG2,AT3G53580,2026_03
Q9LFG3,,2026_03
Q9LFH0,AT3G53480,2026_03
Q9LFH1,AT3G53470,2026_03
Q9LFH5,AT3G53430,2026_03
Q9LFJ8,AT5G17050,2026_03
Q9LFM4,,2026_03
Q9LFN6,AT5G11200,2026_03
Q9LFR3,AT5G14920,2026_03
Q9LFS0,,2026_03
Q9LFU1,AT5G10240,2026_03
Q9LFW1,AT5G15650,2026_03
Q9LFX3,AT1G27150,2026_03
Q9LFX8,,2026_03
Q9LH52,AT3G12145,2026_03
Q9LHA3,,2026_03
Q9LHA6,AT3G28220,2026_03
Q9LHA7,AT3G28200,2026_03
Q9LHA8,AT3G12580,2026_03
Q9LHB9,AT3G32980,2026_03
Q9LHD9,AT3G28270,2026_03
Q9LHE5,AT3G20000,2026_03
Q9LHE7,AT3G19980,2026_03
Q9LHF0,AT3G28920,2026_03
Q9LHF1,AT3G24480,2026_03
Q9LHG0,AT3G12480,2026_03
Q9LHG9,AT3G12390,2026_03
Q9LHH3,,2026_03
Q9LHH7,AT3G12290,2026_03
Q9LHK1,AT3G12600,2026_03
Q9LHL7,,2026_03
Q9LHP1,AT3G13580,2026_03
Q9LHP2,AT3G13570,2026_03
Q9LHQ5,AT3G20670,2026_03
Q9LHS0,AT5G35200,2026_03
Q9LHS5,AT5G06110,2026_03
Q9LHT0,AT5G06060,2026_03
Q9LI73,AT3G25700,2026_03
Q9LI77,AT3G25660,2026_03
Q9LI83,AT3G25610,2026_03
Q9LI88,AT3G27160,2026_03
Q9LIA2,AT3G29400,2026_03
Q9LIA8,AT3G29360,2026_03
Q9LIB2,AT3G29320,2026_03
Q9LIB3,AT3G29310,2026_03
Q9LIC2,AT3G13772,2026_03
Q9LIE5,AT3G22170,2026_03
Q9LIF8,AT3G21380,2026_03
Q9LIF9,AT3G21370,2026_03
Q9LIG6,AT3G20970,2026_03
Q9LIH9,AT3G18600,2026_03
Q9LIK0,AT3G22960,2026_03
Q9LIK9,AT3G22890,2026_03
Q9LIL3,,2026_03
Q9LIL4,AT3G22845,2026_03
Q9LIM9,,2026_03
Q9LIN0,AT3G26450,2026_03
Q9LIN3,AT3G26420,2026_03
Q9LIN5,AT3G26400,2026_03
Q9LIP2,AT3G26340,2026_03
Q9LIP5,AT3G26310,2026_03
Q9LIP6,AT3G26300,2026_03
Q9LIR4,AT3G23940,2026_03
Q9LIR6,AT3G23920,2026_03
Q9LJ65,,2026_03
Q9LJ72,,2026_03
Q9LJ87,AT3G22590,2026_03
Q9LJ94,,2026_03
Q9LJ98,AT3G22480,2026_03
Q9LJD8,AT3G13530,2026_03
Q9LJE2,AT3G13490,2026_03
Q9LJE4,AT3G13470,2026_03
Q9LJG3,AT3G14210,2026_03
Q9LJH8,AT3G14100,2026_03
Q9LJI5,AT3G28710,2026_03
Q9LJK5,,2026_03
Q9LJL3,AT3G19170,2026_03
Q9LJN4,AT3G19620,2026_03
Q9LJN8,AT3G19590,2026_03
Q9LJP2,AT3G14220,2026_03
Q9LJR2,AT3G15356,2026_03
Q9LJV8,,2026_03
Q9LJW6,AT3G28900,2026_03
Q9LJX0,AT3G28860,2026_03
Q9LJX4,AT3G20250,2026_03
Q9LJX8,AT3G20210,2026_03
Q9LK22,AT3G27310,2026_03
Q9LK23,AT3G27300,2026_03
Q9LK29,AT3G27240,2026_03
Q9LK35,AT5G54380,2026_03
Q9LK36,AT3G23810,2026_03
Q9LK43,AT3G23750,2026_03
Q9LK47,AT3G23700,2026_03
Q9LK52,AT3G13200,2026_03
Q9LK57,AT3G13160,2026_03
Q9LK61,AT3G13120,2026_03
Q9LK64,AT3G13080,2026_03
Q9LK72,AT3G16530,2026_03
Q9LK73,AT3G16520,2026_03
Q9LK88,AT3G27890,2026_03
Q9LK94,AT3G27820,2026_03
Q9LK96,,2026_03
Q9LK99,AT3G15060,2026_03
Q9LKA4,AT3G15010,2026_03
Q9LKA5,AT3G15000,2026_03
Q9LKB2,,2026_03
Q9LKB4,AT3G14900,2026_03
Q9LKF9,AT5G23880,2026_03
Q9LKJ1,AT5G65940,2026_03
Q9LKR3,AT5G28540,2026_03
Q9LKR8,AT5G28500,2026_03
Q9LKU2,AT5G28750,2026_03
Q9LKU3,AT5G28740,2026_03
Q9LKV3,AT5G28370,2026_03
Q9LLC1,AT5G15530,2026_03
Q9LLL8,AT4G00230,2026_03
Q9LM02,AT5G13710,2026_03
Q9LM25,AT1G18260,2026_03
Q9LM33,AT1G18150,2026_03
Q9LM40,,2026_03
Q9LM66,AT1G20850,2026_03
Q9LM71,AT1G20810,2026_03
Q9LM76,AT1G20780,2026_03
Q9LM78,AT1G20760,2026_03
Q9LM92,AT1G20580,2026_03
Q9LM93,AT1G20575,2026_03
Q9LMC9,AT1G18980,2026_03
Q9LME4,AT1G22280,2026_03
Q9LMF0,AT1G22370,2026_03
Q9LMG7,AT1G13900,2026_03
Q9LMH0,AT1G13870,2026_03
Q9LMI0,AT1G06410,2026_03
Q9LMJ7,AT1G07040,2026_03
Q9LMK0,AT1G07070,2026_03
Q9LMK7,AT1G07140,2026_03
Q9LML6,AT1G07250,2026_03
Q9LMM0,AT1G01610,2026_03
Q9LMN4,AT1G21190,2026_03
Q9LMP1,AT1G21270,2026_03
Q9LMQ2,AT1G15820,2026_03
Q9LMR1,AT1G15730,2026_03
Q9LMR3,AT1G15710,2026_03
Q9LMT6,,2026_03
Q9LMU2,AT1G17860,2026_03
Q9LMX6,,2026_03
Q9LMX8,AT1G13700,2026_03
Q9LN62,AT1G19360,2026_03
Q9LNB6,AT1G12270,2026_03
Q9LNC5,AT1G06220,2026_03
Q9LNC6,AT1G06210,2026_03
Q9LNE6,AT1G06000,2026_03
Q9LNH6,AT1G48240,2026_03
Q9LNJ3,AT1G01300,2026_03
Q9LNN0,AT1G53050,2026_03
Q9LNN2,AT1G53070,2026_03
Q9LNP3,,2026_03
Q9LNQ4,AT1G17500,2026_03
Q9LNQ6,,2026_03
Q9LNU4,AT1G20200,2026_03
Q9LP45,AT1G29150,2026_03
Q9LP53,AT1G29250,2026_03
Q9LP77,AT1G48480,2026_03
Q9LPC5,AT1G01960,2026_03
Q9LPE9,AT1G44820,2026_03
Q9LPG6,AT1G53500,2026_03
Q9LPJ1,,2026_03
Q9LPK9,,2026_03
Q9LPL6,AT1G21380,2026_03
Q9LPL8,AT1G21350,2026_03
Q9LPR4,AT1G18500,2026_03
Q9LPT6,AT1G50670,2026_03
Q9LPU1,AT1G21065,2026_03
Q9LPU3,,2026_03
Q9LPU5,AT1G21100,2026_03
Q9LPU8,AT1G21130,2026_03
Q9LPV8,AT1G12920,2026_03
Q9LPZ1,AT1G11430,2026_03
Q9LPZ9,AT1G11350,2026_03
Q9LQ04,AT1G63000,2026_03
Q9LQ31,AT1G33790,2026_03
Q9LQ55,AT1G59610,2026_03
Q9LQ73,AT1G01820,2026_03
Q9LQ96,,2026_03
Q9LQF2,AT1G35580,2026_03
Q9LQI9,AT1G17370,2026_03
Q9LQK0,AT1G17470,2026_03
Q9LQK7,AT1G32500,2026_03
Q9LQL0,AT1G32470,2026_03
Q9LQP1,,2026_03
Q9LQQ3,AT1G07750,2026_03
Q9LQQ4,AT1G07790,2026_03
Q9LQR8,AT1G75990,2026_03
Q9LQU7,AT1G14840,2026_03
Q9LR30,AT1G23310,2026_03
Q9LR44,AT1G05560,2026_03
Q9LR64,AT1G03600,2026_03
Q9LR75,AT1G03475,2026_03
Q9LRA7,AT1G23870,2026_03
Q9LRJ9,AT3G22060,2026_03
Q9LRN0,,2026_03
Q9LRP1,AT3G17440,2026_03
Q9LRP3,AT3G17420,2026_03
Q9LRP6,AT3G15590,2026_03
Q9LRR9,AT3G14420,2026_03
Q9LRS0,AT3G14415,2026_03
Q9LRX8,AT3G24830,2026_03
Q9LRZ0,AT3G16830,2026_03
Q9LS01,AT3G25780,2026_03
Q9LS02,AT3G25770,2026_03
Q9LS03,AT3G25760,2026_03
Q9LS25,AT5G46580,2026_03
Q9LS26,AT5G46570,2026_03
Q9LS40,AT3G18490,2026_03
Q9LS42,AT3G18480,2026_03
Q9LS48,AT3G18420,2026_03
Q9LS51,AT3G18390,2026_03
Q9LS94,AT3G18820,2026_03
Q9LS97,,2026_03
Q9LSA3,AT3G18740,2026_03
Q9LSB4,AT3G15950,2026_03
Q9LSC2,AT3G15890,2026_03
Q9LSE7,AT3G25290,2026_03
Q9LSG3,AT3G25140,2026_03
Q9LSI9,AT3G28450,2026_03
Q9LSP5,,2026_03
Q9LSP8,AT3G16940,2026_03
Q9LSQ4,AT5G54510,2026_03
Q9LSQ5,AT5G54500,2026_03
Q9LST0,AT5G60160,2026_03
Q9LSU9,,2026_03
Q9LSV0,AT3G25530,2026_03
Q9LSY5,AT3G21790,2026_03
Q9LSY7,AT3G21770,2026_03
Q9LSY9,AT3G21750,2026_03
Q9LT02,AT5G23630,2026_03
Q9LT08,AT5G23540,2026_03
Q9LT31,AT3G19770,2026_03
Q9LT39,AT3G20820,2026_03
Q9LT69,AT3G19480,2026_03
Q9LT75,AT3G19420,2026_03
Q9LT77,AT3G19400,2026_03
Q9LT78,AT3G19390,2026_03
Q9LT92,,2026_03
Q9LTB2,AT5G49810,2026_03
Q9LTF2,AT5G52650,2026_03
Q9LTH7,AT5G59540,2026_03
Q9LTI3,AT5G59470,2026_03
Q9LTM0,AT3G26210,2026_03
Q9LTM3,AT3G26180,2026_03
Q9LTM4,AT3G26170,2026_03
Q9LTR2,AT3G20320,2026_03
Q9LTR8,,2026_03
Q9LTR9,AT5G57020,2026_03
Q9LTS6,AT5G56940,2026_03
Q9LTT8,AT3G13300,2026_03
Q9LTV6,AT3G12800,2026_03
Q9LTW0,AT3G12740,2026_03
Q9LTW4,AT3G12700,2026_03
Q9LTW8,AT3G12670,2026_03
Q9LTX2,AT5G49980,2026_03
Q9LTX3,AT5G49970,2026_03
Q9LTX7,AT5G49930,2026_03
Q9LTX9,AT5G49910,2026_03
Q9LU01,AT5G44650,2026_03
Q9LU05,AT5G44610,2026_03
Q9LU14,AT3G16370,2026_03
Q9LU39,AT3G21200,2026_03
Q9LU40,AT3G21190,2026_03
Q9LU41,AT3G21180,2026_03
Q9LU64,AT5G51100,2026_03
Q9LU74,,2026_03
Q9LU85,AT3G26070,2026_03
Q9LU86,AT3G26060,2026_03
Q9LU97,,2026_03
Q9LUB2,,2026_03
Q9LUC5,AT3G14690,2026_03
Q9LUC9,AT3G14650,2026_03
Q9LUD2,AT3G14620,2026_03
Q9LUD4,AT3G14600,2026_03
Q9LUG1,AT3G23660,2026_03
Q9LUH2,AT3G23560,2026_03
Q9LUJ5,AT3G22660,2026_03
Q9LUJ7,AT3G22640,2026_03
Q9LUL4,AT3G14350,2026_03
Q9LUQ6,AT3G16780,2026_03
Q9LUT0,AT3G17410,2026_03
Q9LUT2,AT3G17390,2026_03
Q9LUV2,AT3G17210,2026_03
Q9LUW5,AT3G22330,2026_03
Q9LUX9,AT5G58800,2026_03
Q9LV03,AT5G53460,2026_03
Q9LV09,AT5G53400,2026_03
Q9LV10,AT5G62680,2026_03
Q9LV11,AT5G62670,2026_03
Q9LV21,AT3G18190,2026_03
Q9LV28,AT3G18130,2026_03
Q9LV33,AT3G18080,2026_03
Q9LV35,AT3G18060,2026_03
Q9LV48,AT3G24550,2026_03
Q9LV60,AT5G48540,2026_03
Q9LV65,,2026_03
Q9LV66,AT5G48480,2026_03
Q9LV77,AT5G65010,2026_03
Q9LV90,AT5G64870,2026_03
Q9LV91,AT5G64860,2026_03
Q9LVA0,AT5G62390,2026_03
Q9LVA4,AT5G62350,2026_03
Q9LVA9,AT5G62270,2026_03
Q9LVC5,,2026_03
Q9LVC9,AT5G57290,2026_03
Q9LVD0,AT5G57280,2026_03
Q9LVD9,AT3G21690,2026_03
Q9LVE0,AT3G21670,2026_03
Q9LVH6,,2026_03
Q9LVI6,AT3G17840,2026_03
Q9LVI8,AT3G17820,2026_03
Q9LVI9,AT3G17810,2026_03
Q9LVJ1,AT3G14067,2026_03
Q9LVK6,,2026_03
Q9LVL2,AT5G58390,2026_03
Q9LVM1,AT5G58270,2026_03
Q9LVM2,AT5G58260,2026_03
Q9LVM3,AT5G58250,2026_03
Q9LVM5,AT5G58220,2026_03
Q9LVP5,AT3G29130,2026_03
Q9LVQ4,AT5G55860,2026_03
Q9LVQ8,AT5G66720,2026_03
Q9LVT8,AT5G47210,2026_03
Q9LVU1,AT5G47180,2026_03
Q9LVV5,AT5G52970,2026_03
Q9LVV6,,2026_03
Q9LVW7,AT3G27740,2026_03
Q9LVY0,AT5G36170,2026_03
Q9LVY1,AT5G36160,2026_03
Q9LVZ8,AT3G15810,2026_03
Q9LW00,AT3G15790,2026_03
Q9LW08,,2026_03
Q9LW11,,2026_03
Q9LW12,AT3G15670,2026_03
Q9LW15,AT3G15640,2026_03
Q9LW17,,2026_03
Q9LW20,AT3G26900,2026_03
Q9LW27,AT3G26830,2026_03
Q9LW34,AT3G26770,2026_03
Q9LW35,AT3G26760,2026_03
Q9LW57,AT3G23400,2026_03
Q9LW66,AT3G23310,2026_03
Q9LW76,AT3G16100,2026_03
Q9LW85,AT3G16000,2026_03
Q9LX13,,2026_03
Q9LX31,AT3G59400,2026_03
Q9LX34,AT3G59370,2026_03
Q9LX65,AT3G42050,2026_03
Q9LX66,AT3G46290,2026_03
Q9LX88,AT3G46040,2026_03
Q9LX99,AT5G10470,2026_03
Q9LXA8,AT5G10560,2026_03
Q9LXB3,AT5G10610,2026_03
Q9LXC0,AT5G09550,2026_03
Q9LXC6,AT5G09620,2026_03
Q9LXC9,AT5G09650,2026_03
Q9LXG1,AT5G15200,2026_03
Q9LXG3,AT5G15180,2026_03
Q9LXJ0,AT3G52750,2026_03
Q9LXJ2,AT3G52730,2026_03
Q9LXM8,AT3G44590,2026_03
Q9LXP4,,2026_03
Q9LXQ2,AT3G44100,2026_03
Q9LXR8,AT3G58840,2026_03
Q9LXS6,AT3G58750,2026_03
Q9LXT3,AT3G58680,2026_03
Q9LXT5,,2026_03
Q9LXU4,AT5G12950,2026_03
Q9LXU5,,2026_03
Q9LXV0,AT5G12890,2026_03
Q9LXV3,AT5G12860,2026_03
Q9LXX5,AT3G56650,2026_03
Q9LXX7,AT3G56630,2026_03
Q9LXZ4,AT3G56460,2026_03
Q9LXZ7,AT3G56430,2026_03
Q9LY14,AT5G07470,2026_03
Q9LY15,AT5G07460,2026_03
Q9LY23,AT5G07370,2026_03
Q9LY31,AT3G60340,2026_03
Q9LY66,AT3G63490,2026_03
Q9LY74,AT3G63410,2026_03
Q9LY75,AT3G63400,2026_03
Q9LY84,AT5G14450,2026_03
Q9LY87,AT5G14420,2026_03
Q9LYA9,AT3G63140,2026_03
Q9LYB4,AT3G63080,2026_03
Q9LYC7,AT3G62940,2026_03
Q9LYE7,AT5G11420,2026_03
Q9LYF0,,2026_03
Q9LYF8,AT5G11720,2026_03
Q9LYG2,,2026_03
Q9LYG3,AT5G11670,2026_03
Q9LYI4,,2026_03
Q9LYK8,AT3G56350,2026_03
Q9LYK9,AT3G56340,2026_03
Q9LYN2,AT3G56090,2026_03
Q9LYR4,AT5G13420,2026_03
Q9LYR5,AT5G13410,2026_03
Q9LYS0,AT5G13360,2026_03
Q9LYS5,AT3G59110,2026_03
Q9LYT5,AT3G59010,2026_03
Q9LYT7,AT3G58990,2026_03
Q9LYU8,AT5G13280,2026_03
Q9LYU9,AT5G13270,2026_03
Q9LYV6,AT5G13200,2026_03
Q9LYW9,AT5G03160,2026_03
Q9LYZ6,,2026_03
Q9LZ06,AT5G02790,2026_03
Q9LZ08,AT5G02770,2026_03
Q9LZ23,AT5G04740,2026_03
Q9LZ26,AT5G04710,2026_03
Q9LZ41,AT5G02610,2026_03
Q9LZ45,AT5G02570,2026_03
Q9LZ46,AT5G02560,2026_03
Q9LZ57,AT5G02450,2026_03
Q9LZ66,AT5G04590,2026_03
Q9LZ71,,2026_03
Q9LZ72,AT5G04530,2026_03
Q9LZ82,AT5G04430,2026_03
Q9LZ83,,2026_03
Q9LZB8,AT5G03910,2026_03
Q9LZD4,AT5G03520,2026_03
Q9LZE0,,2026_03
Q9LZE4,AT5G03430,2026_03
Q9LZF2,,2026_03
Q9LZF5,AT5G03350,2026_03
Q9LZF6,AT5G03340,2026_03
Q9LZG0,AT5G03300,2026_03
Q9LZG7,AT3G43800,2026_03
Q9LZH9,AT3G62870,2026_03
Q9LZI2,AT3G62830,2026_03
Q9LZI3,,2026_03
Q9LZJ5,AT3G62700,2026_03
Q9LZK5,AT3G62600,2026_03
Q9LZP9,AT3G62410,2026_03
Q9LZQ4,AT3G62360,2026_03
Q9LZQ9,AT3G62310,2026_03
Q9LZR5,AT5G03740,2026_03
Q9LZS3,AT5G03650,2026_03
Q9LZS7,AT5G03610,2026_03
Q9LZT0,AT3G46030,2026_03
Q9LZV4,AT5G01920,2026_03
Q9LZW6,,2026_03
Q9LZX1,AT5G01750,2026_03
Q9LZX4,AT3G60900,2026_03
Q9LZX6,AT3G60880,2026_03
Q9LZX8,AT3G60860,2026_03
Q9M024,AT5G01500,2026_03
Q9M028,AT5G01460,2026_03
Q9M034,,2026_03
Q9M060,AT3G55620,2026_03
Q9M076,AT4G32840,2026_03
Q9M081,AT4G32640,2026_03
Q9M084,AT4G31180,2026_03
Q9M088,AT4G31140,2026_03
Q9M098,AT4G30620,2026_03
Q9M099,AT4G30610,2026_03
Q9M0A0,,2026_03
Q9M0A5,AT4G30550,2026_03
Q9M0A7,AT4G30530,2026_03
Q9M0B2,AT4G30480,2026_03
Q9M0D5,AT4G29480,2026_03
Q9M0E2,AT4G29410,2026_03
Q9M0F4,,2026_03
Q9M0F5,AT4G29260,2026_03
Q9M0F9,AT4G29220,2026_03
Q9M0G0,AT4G29210,2026_03
Q9M0I6,,2026_03
Q9M0M4,AT4G17270,2026_03
Q9M0N1,AT4G10790,2026_03
Q9M0R2,AT4G09160,2026_03
Q9M0R3,AT4G09150,2026_03
Q9M0S5,AT4G09020,2026_03
Q9M0V5,,2026_03
Q9M0V6,AT4G05390,2026_03
Q9M0X9,AT4G05160,2026_03
Q9M0Y6,AT4G05090,2026_03
Q9M0Y8,AT4G04910,2026_03
Q9M0Z3,AT4G04850,2026_03
Q9M0Z6,AT4G04800,2026_03
Q9M101,AT4G04740,2026_03
Q9M153,AT4G01130,2026_03
Q9M156,AT4G01070,2026_03
Q9M158,AT4G01050,2026_03
Q9M1C2,AT3G60210,2026_03
Q9M1D0,AT3G60130,2026_03
Q9M1E7,AT3G45600,2026_03
Q9M1G8,AT3G54600,2026_03
Q9M1H3,AT3G54540,2026_03
Q9M1J1,AT3G57090,2026_03
Q9M1J6,AT3G57020,2026_03
Q9M1J7,AT3G57010,2026_03
Q9M1Q0,AT3G62240,2026_03
Q9M1Q9,AT3G62150,2026_03
Q9M1R1,AT3G62130,2026_03
Q9M1S4,,2026_03
Q9M1W4,AT3G63250,2026_03
Q9M1X0,AT3G63190,2026_03
Q9M1X2,AT3G63170,2026_03
Q9M1X3,AT3G63160,2026_03
Q9M1X8,,2026_03
Q9M1Y7,AT3G59870,2026_03
Q9M1Z2,AT3G59820,2026_03
Q9M209,AT3G60500,2026_03
Q9M214,,2026_03
Q9M236,AT3G43540,2026_03
Q9M266,AT3G61990,2026_03
Q9M287,,2026_03
Q9M292,AT3G44330,2026_03
Q9M2B4,AT3G42790,2026_03
Q9M2B9,AT3G43670,2026_03
Q9M2D8,AT3G61260,2026_03
Q9M2E0,AT3G61240,2026_03
Q9M2F1,AT3G61110,2026_03
Q9M2F9,AT3G58570,2026_03
Q9M2G1,AT3G58550,2026_03
Q9M2L4,AT3G57330,2026_03
Q9M2L5,,2026_03
Q9M2M5,AT3G57220,2026_03
Q9M2N5,AT3G42170,2026_03
Q9M2T6,,2026_03
Q9M2T9,AT3G55400,2026_03
Q9M2U5,AT3G54420,2026_03
Q9M2U7,,2026_03
Q9M2V1,AT3G54360,2026_03
Q9M2W2,AT3G55040,2026_03
Q9M2X8,AT3G49800,2026_03
Q9M2Y6,AT3G49720,2026_03
Q9M2Z4,AT3G48890,2026_03
Q9M2Z8,AT3G48850,2026_03
Q9M304,AT3G48780,2026_03
Q9M314,AT3G61540,2026_03
Q9M328,AT3G53990,2026_03
Q9M330,AT3G53970,2026_03
Q9M336,AT3G53900,2026_03
Q9M338,AT3G53880,2026_03
Q9M339,AT3G53870,2026_03
Q9M352,AT3G53740,2026_03
Q9M354,AT3G53710,2026_03
Q9M356,AT3G61820,2026_03
Q9M376,AT3G54300,2026_03
Q9M385,AT3G54210,2026_03
Q9M390,AT3G54140,2026_03
Q9M391,AT3G54130,2026_03
Q9M394,AT3G54090,2026_03
Q9M3A8,AT3G49240,2026_03
Q9M3B9,AT3G55320,2026_03
Q9M3C3,AT3G55280,2026_03
Q9M3C6,AT3G55250,2026_03
Q9M3H5,AT4G37270,2026_03
Q9M4B5,AT1G08780,2026_03
Q9M5J8,AT5G06870,2026_03
Q9M5J9,AT5G06860,2026_03
Q9M5K2,AT3G17240,2026_03
Q9M5K3,AT1G48030,2026_03
Q9M5P2,AT1G61250,2026_03
Q9M651,AT5G19320,2026_03
Q9M667,AT3G46530,2026_03
Q9M7Q7,AT1G07370,2026_03
Q9M7T0,AT3G06050,2026_03
Q9M7X9,AT3G06730,2026_03
Q9M7Z1,AT3G06850,2026_03
Q9M817,AT1G52190,2026_03
Q9M876,AT3G02660,2026_03
Q9M879,AT3G02630,2026_03
Q9M885,AT3G02560,2026_03
Q9M888,AT3G02530,2026_03
Q9M892,,2026_03
Q9M895,AT3G02450,2026_03
Q9M8D3,AT1G74260,2026_03
Q9M8K7,AT3G06110,2026_03
Q9M8L6,AT1G80480,2026_03
Q9M8M7,AT1G80600,2026_03
Q9M8R6,,2026_03
Q9M8R7,AT3G02750,2026_03
Q9M8R9,AT3G02770,2026_03
Q9M8T0,AT3G02880,2026_03
Q9M8X9,AT3G04230,2026_03
Q9M8Z7,AT3G07020,2026_03
Q9M9E0,AT1G15530,2026_03
Q9M9E1,AT1G15520,2026_03
Q9M9E8,AT1G78280,2026_03
Q9M9H6,AT1G71697,2026_03
Q9M9K1,AT3G08590,2026_03
Q9M9M7,,2026_03
Q9M9M9,AT3G03100,2026_03
Q9M9P3,AT3G03250,2026_03
Q9M9P5,,2026_03
Q9M9Q6,AT1G15000,2026_03
Q9M9S3,AT1G14410,2026_03
Q9M9T2,,2026_03
Q9M9V7,AT1G18880,2026_03
Q9M9W1,AT3G05560,2026_03
Q9M9W5,,2026_03
Q9M9Y8,AT1G06820,2026_03
Q9MA15,AT1G79600,2026_03
Q9MA55,AT3G05420,2026_03
Q9MA62,AT3G05490,2026_03
Q9MA75,AT1G43700,2026_03
Q9MA79,AT1G43670,2026_03
Q9MA96,AT3G05230,2026_03
Q9MAA1,AT3G05180,2026_03
Q9MAB3,AT3G05060,2026_03
Q9MAB4,,2026_03
Q9MAC8,AT3G01180,2026_03
Q9MAH0,AT1G53310,2026_03
Q9MAH3,AT1G53280,2026_03
Q9MAK9,AT1G45000,2026_03
Q9MAL9,AT1G01160,2026_03
Q9MAP3,AT1G32990,2026_03
Q9MAP7,AT1G32940,2026_03
Q9MAQ0,AT1G32900,2026_03
Q9MAR2,AT1G43860,2026_03
Q9MAS9,,2026_03
Q9MAT0,AT1G04810,2026_03
Q9MAT3,,2026_03
Q9MAT5,AT1G04870,2026_03
Q9MAU6,AT1G04980,2026_03
Q9MB58,AT1G07110,2026_03
Q9MBA1,AT1G44446,2026_03
Q9MBA2,AT5G24020,2026_03
Q9MBH1,AT3G28950,2026_03
Q9MBH2,AT3G28940,2026_03
Q9S6Z7,AT3G04940,2026_03
Q9S713,AT1G68830,2026_03
Q9S714,AT2G20260,2026_03
Q9S720,AT1G76450,2026_03
Q9S726,AT3G04790,2026_03
Q9S752,AT3G09770,2026_03
Q9S756,AT2G40300,2026_03
Q9S757,AT3G61440,2026_03
Q9S762,AT1G58080,2026_03
Q9S791,AT1G70770,2026_03
Q9S7A3,AT4G10100,2026_03
Q9S7B5,AT4G29840,2026_03
Q9S7C0,AT1G79930,2026_03
Q9S7D2,,2026_03
Q9S7D8,AT5G43780,2026_03
Q9S7E4,AT5G14780,2026_03
Q9S7E9,AT1G70580,2026_03
Q9S7G6,AT5G14580,2026_03
Q9S7H1,AT4G02770,2026_03
Q9S7H4,AT5G10870,2026_03
Q9S7I3,AT2G38530,2026_03
Q9S7L9,AT1G22450,2026_03
Q9S7M0,AT5G54270,2026_03
Q9S7N7,AT1G55670,2026_03
Q9S7P9,AT5G61210,2026_03
Q9S7Q2,AT1G74850,2026_03
Q9S7S3,AT2G41260,2026_03
Q9S7U9,AT4G29810,2026_03
Q9S7W4,AT3G07720,2026_03
Q9S7Y7,AT1G68560,2026_03
Q9S7Z3,AT5G44070,2026_03
Q9S7Z8,AT1G70940,2026_03
Q9S814,AT5G03280,2026_03
Q9S818,AT3G51240,2026_03
Q9S825,AT1G77840,2026_03
Q9S829,AT1G74880,2026_03
Q9S831,AT4G28750,2026_03
Q9S834,AT1G02560,2026_03
Q9S841,AT3G50820,2026_03
Q9S850,AT3G01910,2026_03
Q9S9M7,,2026_03
Q9S9N6,AT1G15980,2026_03
Q9S9N9,AT1G15950,2026_03
Q9S9P1,AT1G15930,2026_03
Q9S9P6,AT1G30530,2026_03
Q9S9P8,AT1G30510,2026_03
Q9S9Q9,AT1G30440,2026_03
Q9S9U1,AT4G04960,2026_03
Q9S9V0,AT4G04695,2026_03
Q9S9W2,AT4G05530,2026_03
Q9S9Z7,AT1G34750,2026_03
Q9S9Z8,AT1G34760,2026_03
Q9SA18,AT1G31230,2026_03
Q9SA23,AT1G16240,2026_03
Q9SA25,AT1G16260,2026_03
Q9SA34,AT1G16350,2026_03
Q9SA55,,2026_03
Q9SA56,AT1G03130,2026_03
Q9SA72,AT1G30570,2026_03
Q9SA73,AT1G30580,2026_03
Q9SA78,AT1G30630,2026_03
Q9SA85,AT1G30700,2026_03
Q9SA87,AT1G30720,2026_03
Q9SA88,AT1G30730,2026_03
Q9SAA2,AT1G11750,2026_03
Q9SAB3,AT1G11650,2026_03
Q9SAC6,AT1G10760,2026_03
Q9SAD7,AT1G13020,2026_03
Q9SAE3,AT1G13090,2026_03
Q9SAG7,AT1G80930,2026_03
Q9SAI5,AT1G80750,2026_03
Q9SAJ2,AT1G79570,2026_03
Q9SAJ4,AT1G79550,2026_03
Q9SAJ6,AT1G79530,2026_03
Q9SAK4,AT1G79440,2026_03
Q9SAL0,AT1G79380,2026_03
Q9SAU2,AT5G61410,2026_03
Q9SAV0,AT1G52040,2026_03
Q9SAV3,AT1G55510,2026_03
Q9SB42,AT4G25210,2026_03
Q9SB48,AT4G24520,2026_03
Q9SB50,AT4G24550,2026_03
Q9SB63,AT4G24680,2026_03
Q9SB81,AT4G21960,2026_03
Q9SBA5,AT5G16760,2026_03
Q9SBJ1,AT3G06483,2026_03
Q9SCK3,AT3G49560,2026_03
Q9SCL7,AT3G57560,2026_03
Q9SCM3,AT3G57490,2026_03
Q9SCN0,AT3G57420,2026_03
Q9SCN8,AT3G53230,2026_03
Q9SCP9,AT3G53120,2026_03
Q9SCS2,AT3G50530,2026_03
Q9SCT4,AT3G51740,2026_03
Q9SCU1,AT3G51670,2026_03
Q9SCV3,AT2G32810,2026_03
Q9SCV8,AT5G56870,2026_03
Q9SCW1,AT3G13750,2026_03
Q9SCX3,AT5G19510,2026_03
Q9SCX8,AT3G17790,2026_03
Q9SCX9,AT5G40610,2026_03
Q9SCY0,AT5G51820,2026_03
Q9SCY2,AT5G45680,2026_03
Q9SCY3,AT4G39710,2026_03
Q9SCZ4,AT3G51550,2026_03
Q9SCZ8,,2026_03
Q9SD07,AT3G51420,2026_03
Q9SD66,AT3G47070,2026_03
Q9SD73,AT3G47000,2026_03
Q9SD76,AT3G46970,2026_03
Q9SD78,AT5G08060,2026_03
Q9SD79,AT5G08050,2026_03
Q9SD97,,2026_03
Q9SD98,,2026_03
Q9SDM9,AT3G16400,2026_03
Q9SDS7,AT1G12840,2026_03
Q9SDY5,AT4G36800,2026_03
Q9SE45,AT2G38760,2026_03
Q9SE50,AT1G52400,2026_03
Q9SE60,AT3G59970,2026_03
Q9SE83,AT1G10290,2026_03
Q9SE96,AT1G28200,2026_03
Q9SEE5,AT3G06580,2026_03
Q9SEH3,AT4G17530,2026_03
Q9SEI2,AT3G05530,2026_03
Q9SEI3,AT5G43010,2026_03
Q9SEI4,AT5G58290,2026_03
Q9SEL6,AT5G39510,2026_03
Q9SEU6,AT3G15360,2026_03
Q9SEU7,AT2G15570,2026_03
Q9SEU8,AT4G03520,2026_03
Q9SF16,AT3G11830,2026_03
Q9SF20,,2026_03
Q9SF29,AT3G09740,2026_03
Q9SF35,AT3G09680,2026_03
Q9SF36,AT3G09670,2026_03
Q9SF40,AT3G09630,2026_03
Q9SF45,,2026_03
Q9SF47,AT3G09560,2026_03
Q9SF53,AT3G09500,2026_03
Q9SF85,AT3G09820,2026_03
Q9SF91,AT3G09900,2026_03
Q9SFB1,AT3G08030,2026_03
Q9SFB3,AT3G08010,2026_03
Q9SFF6,AT3G05910,2026_03
Q9SFH9,AT1G69740,2026_03
Q9SFT9,AT3G07090,2026_03
Q9SFU0,AT3G07100,2026_03
Q9SFU1,AT3G07110,2026_03
Q9SFU6,AT3G07160,2026_03
Q9SFU7,AT3G07170,2026_03
Q9SFV3,,2026_03
Q9SFX2,AT1G76390,2026_03
Q9SFX3,AT1G76400,2026_03
Q9SG80,AT3G10740,2026_03
Q9SGC1,AT1G70730,2026_03
Q9SGD6,AT1G08250,2026_03
Q9SGE0,AT1G08200,2026_03
Q9SGE9,AT1G72550,2026_03
Q9SGG3,AT1G72700,2026_03
Q9SGH4,AT3G01440,2026_03
Q9SGH6,AT3G01420,2026_03
Q9SGI3,,2026_03
Q9SGP2,AT1G28440,2026_03
Q9SGR6,AT1G76160,2026_03
Q9SGS4,AT1G76080,2026_03
Q9SGT7,,2026_03
Q9SGW3,AT1G64520,2026_03
Q9SGW5,AT1G64500,2026_03
Q9SGY2,AT1G10670,2026_03
Q9SGZ5,AT1G78060,2026_03
Q9SH69,AT1G64190,2026_03
Q9SHA0,,2026_03
Q9SHC8,AT2G45140,2026_03
Q9SHE8,AT1G31330,2026_03
Q9SHF3,AT1G31280,2026_03
Q9SHG8,AT1G17100,2026_03
Q9SHH6,AT1G17170,2026_03
Q9SHH7,AT1G17180,2026_03
Q9SHH8,AT1G17190,2026_03
Q9SHI1,AT1G17220,2026_03
Q9SHJ6,AT1G06530,2026_03
Q9SHJ8,AT1G06550,2026_03
Q9SHP0,AT2G17630,2026_03
Q9SHS8,AT2G27200,2026_03
Q9SHU7,AT2G15290,2026_03
Q9SI16,AT2G18150,2026_03
Q9SI20,AT2G18110,2026_03
Q9SI37,AT2G04880,2026_03
Q9SI58,AT2G03820,2026_03
Q9SI61,AT2G16570,2026_03
Q9SI75,AT1G62750,2026_03
Q9SI85,AT1G62630,2026_03
Q9SI96,AT2G28720,2026_03
Q9SIB9,AT2G05710,2026_03
Q9SID0,AT2G31390,2026_03
Q9SIE1,AT2G22250,2026_03
Q9SIE3,AT2G22230,2026_03
Q9SIE7,AT2G22170,2026_03
Q9SIF2,AT2G04030,2026_03
Q9SIH0,AT2G36160,2026_03
Q9SIH1,AT2G36130,2026_03
Q9SII8,AT2G17200,2026_03
Q9SII9,AT2G17190,2026_03
Q9SIL6,AT2G20530,2026_03
Q9SIM4,AT2G20450,2026_03
Q9SIN3,AT2G42560,2026_03
Q9SIN5,AT2G42530,2026_03
Q9SIP0,AT2G31680,2026_03
Q9SIP1,AT2G31670,2026_03
Q9SIP7,AT2G31610,2026_03
Q9SIR5,,2026_03
Q9SIT1,AT2G01820,2026_03
Q9SIU0,AT2G13560,2026_03
Q9SIU2,AT2G13540,2026_03
Q9SIU8,AT2G20630,2026_03
Q9SIV0,AT2G20610,2026_03
Q9SIV2,AT2G20580,2026_03
Q9SIV9,AT2G16430,2026_03
Q9SIX1,AT2G16280,2026_03
Q9SIY3,AT2G11890,2026_03
Q9SIZ2,AT2G40290,2026_03
Q9SJ03,AT2G21960,2026_03
Q9SJ12,AT2G21870,2026_03
Q9SJ13,AT2G21860,2026_03
Q9SJ20,AT2G21790,2026_03
Q9SJ31,AT2G05310,2026_03
Q9SJ40,AT2G05170,2026_03
Q9SJ44,AT2G36060,2026_03
Q9SJ62,AT2G35880,2026_03
Q9SJ66,AT2G35840,2026_03
Q9SJ67,,2026_03
Q9SJ81,AT2G04780,2026_03
Q9SJ89,AT2G04700,2026_03
Q9SJA6,AT2G24590,2026_03
Q9SJA7,AT2G24580,2026_03
Q9SJB9,AT2G04520,2026_03
Q9SJD4,AT2G04350,2026_03
Q9SJE1,AT1G08520,2026_03
Q9SJH7,AT2G42790,2026_03
Q9SJI7,AT2G42690,2026_03
Q9SJI8,AT2G42680,2026_03
Q9SJJ5,AT2G27970,2026_03
Q9SJL8,AT2G36880,2026_03
Q9SJM0,AT2G36850,2026_03
Q9SJM7,AT2G36310,2026_03
Q9SJQ0,AT2G36580,2026_03
Q9SJQ5,AT2G36500,2026_03
Q9SJQ9,AT2G36460,2026_03
Q9SJR2,,2026_03
Q9SJT1,AT2G21470,2026_03
Q9SJT7,AT2G21410,2026_03
Q9SJT9,AT2G21390,2026_03
Q9SJU0,AT2G21380,2026_03
Q9SJU4,AT2G21330,2026_03
Q9SJU9,AT2G21280,2026_03
Q9SJV2,AT2G21250,2026_03
Q9SJW3,AT2G03680,2026_03
Q9SJX7,AT2G31190,2026_03
Q9SJZ2,AT2G22420,2026_03
Q9SJZ7,AT2G22360,2026_03
Q9SK09,AT2G28490,2026_03
Q9SK27,AT2G25060,2026_03
Q9SK39,AT2G24940,2026_03
Q9SK50,AT2G24820,2026_03
Q9SK66,AT2G20360,2026_03
Q9SK74,AT2G20280,2026_03
Q9SK82,AT1G22400,2026_03
Q9SK84,AT1G22410,2026_03
Q9SK86,AT1G22430,2026_03
Q9SK87,AT1G22440,2026_03
Q9SKA5,,2026_03
Q9SKB2,AT2G31880,2026_03
Q9SKC1,AT2G31790,2026_03
Q9SKC5,AT2G31750,2026_03
Q9SKC9,AT2G02050,2026_03
Q9SKI0,AT2G10940,2026_03
Q9SKI2,AT2G06530,2026_03
Q9SKJ7,AT2G25520,2026_03
Q9SKK4,AT2G25450,2026_03
Q9SKL6,,2026_03
Q9SKM7,,2026_03
Q9SKP6,AT2G21170,2026_03
Q9SKQ0,AT2G21130,2026_03
Q9SKR7,,2026_03
Q9SKT0,AT2G20890,2026_03
Q9SKT4,AT2G20830,2026_03
Q9SKU1,AT2G20760,2026_03
Q9SKU8,AT2G20690,2026_03
Q9SKX2,AT2G43050,2026_03
Q9SKX4,AT2G43030,2026_03
Q9SKZ0,AT2G32090,2026_03
Q9SKZ1,AT2G32080,2026_03
Q9SKZ3,AT2G32060,2026_03
Q9SL03,AT2G31960,2026_03
Q9SL05,AT2G05620,2026_03
Q9SL09,,2026_03
Q9SL13,,2026_03
Q9SL15,AT2G05520,2026_03
Q9SL42,AT2G18040,2026_03
Q9SL48,AT2G17980,2026_03
Q9SL67,AT2G20140,2026_03
Q9SL80,,2026_03
Q9SL96,,2026_03
Q9SLA8,AT2G05990,2026_03
Q9SLF3,AT2G16640,2026_03
Q9SLF7,AT2G27710,2026_03
Q9SLI4,AT1G54500,2026_03
Q9SLJ2,AT1G54410,2026_03
Q9SLK0,AT1G54340,2026_03
Q9SLK2,AT1G54320,2026_03
Q9SLL7,AT2G19740,2026_03
Q9SLM4,AT2G40980,2026_03
Q9SLM6,AT2G02930,2026_03
Q9SLN5,AT2G45240,2026_03
Q9SLV3,,2026_03
Q9SMM7,AT3G48720,2026_03
Q9SMM8,AT3G48710,2026_03
Q9SMM9,AT3G48700,2026_03
Q9SMN0,AT3G48690,2026_03
Q9SMN1,AT3G48680,2026_03
Q9SMQ6,AT4G39990,2026_03
Q9SMR7,,2026_03
Q9SMT7,AT3G48990,2026_03
Q9SMU7,AT3G49100,2026_03
Q9SMU8,AT3G49120,2026_03
Q9SMV6,AT5G17020,2026_03
Q9SMW7,AT1G17880,2026_03
Q9SMX3,AT5G15090,2026_03
Q9SMY7,AT4G33220,2026_03
Q9SN26,AT4G10170,2026_03
Q9SN35,AT4G18800,2026_03
Q9SN38,AT4G18760,2026_03
Q9SN46,AT4G18670,2026_03
Q9SN86,AT3G47520,2026_03
Q9SN95,AT3G46440,2026_03
Q9SNC6,AT3G46510,2026_03
Q9SNE0,,2026_03
Q9SNY3,AT5G66280,2026_03
Q9SP02,AT5G58710,2026_03
Q9SPE5,AT4G20410,2026_03
Q9SPE6,AT3G56190,2026_03
Q9SPK5,AT1G50480,2026_03
Q9SPM5,AT5G18280,2026_03
Q9SQI8,AT3G25860,2026_03
Q9SQR1,,2026_03
Q9SQR2,AT3G04000,2026_03
Q9SQR3,AT3G03990,2026_03
Q9SQR4,AT3G03980,2026_03
Q9SQT8,AT3G06350,2026_03
Q9SQZ9,AT3G04780,2026_03
Q9SR06,AT3G04680,2026_03
Q9SR09,AT3G04650,2026_03
Q9SR19,AT3G04550,2026_03
Q9SR22,AT3G09410,2026_03
Q9SR33,AT3G09300,2026_03
Q9SR36,AT3G09270,2026_03
Q9SR37,AT3G09260,2026_03
Q9SR40,AT3G09220,2026_03
Q9SR59,AT3G09940,2026_03
Q9SR62,AT3G09970,2026_03
Q9SR67,AT3G10020,2026_03
Q9SR70,AT3G10060,2026_03
Q9SR73,AT3G10090;AT5G03850,2026_03
Q9SRD4,AT1G76790,2026_03
Q9SRE0,AT1G76730,2026_03
Q9SRG3,AT1G77510,2026_03
Q9SRH5,AT3G01280,2026_03
Q9SRH6,AT3G01290,2026_03
Q9SRI1,AT3G01340,2026_03
Q9SRL6,AT3G11070,2026_03
Q9SRM5,AT3G11210,2026_03
Q9SRQ3,AT3G03490,2026_03
Q9SRQ6,AT3G03520,2026_03
Q9SRR8,AT3G07480,2026_03
Q9SRS5,AT3G07410,2026_03
Q9SRT4,,2026_03
Q9SRT8,AT3G02220,2026_03
Q9SRT9,AT3G02230,2026_03
Q9SRV5,AT3G03780,2026_03
Q9SRX2,AT1G02780,2026_03
Q9SRX5,,2026_03
Q9SRY4,AT1G02910,2026_03
Q9SRY5,AT1G02920,2026_03
Q9SRZ6,AT1G65930,2026_03
Q9SS48,AT3G10370,2026_03
Q9SS82,,2026_03
Q9SS89,,2026_03
Q9SS96,,2026_03
Q9SSA4,AT3G01490,2026_03
Q9SSA5,AT3G01480,2026_03
Q9SSB5,AT1G53750,2026_03
Q9SSB7,AT1G80240,2026_03
Q9SSB8,AT1G80230,2026_03
Q9SSD2,AT1G80070,2026_03
Q9SSE7,AT3G07630,2026_03
Q9SSF8,AT1G74740,2026_03
Q9SSG3,AT1G74790,2026_03
Q9SSK1,AT1G70980,2026_03
Q9SSK5,AT1G70890,2026_03
Q9SSK7,AT1G70850,2026_03
Q9SSK9,AT1G70830,2026_03
Q9SSL0,AT1G70820,2026_03
Q9SSL1,AT1G70810,2026_03
Q9SSL9,AT1G73080,2026_03
Q9SSN3,AT1G72930,2026_03
Q9SSP5,AT1G72810,2026_03
Q9SSP6,,2026_03
Q9SSQ9,AT1G52570,2026_03
Q9SSS7,,2026_03
Q9SSS9,AT4G09650,2026_03
Q9ST43,AT2G29700,2026_03
Q9STE8,AT3G46740,2026_03
Q9STF2,AT3G46780,2026_03
Q9STG6,AT3G46940,2026_03
Q9STG9,AT4G34740,2026_03
Q9STH7,AT4G12340,2026_03
Q9STI0,,2026_03
Q9STI1,,2026_03
Q9STL1,AT3G48310,2026_03
Q9STL2,AT3G48320,2026_03
Q9STL5,AT3G48350,2026_03
Q9STP8,AT4G27780,2026_03
Q9STS1,AT3G48170,2026_03
Q9STS7,AT3G47860,2026_03
Q9STT2,AT3G47810,2026_03
Q9STT3,AT3G47800,2026_03
Q9STU3,AT3G47700,2026_03
Q9STV4,AT4G24400,2026_03
Q9STW1,AT4G24330,2026_03
Q9STW5,AT4G24290,2026_03
Q9STW6,AT4G24280,2026_03
Q9STX2,AT4G24220,2026_03
Q9STX5,AT4G24190,2026_03
Q9STY0,AT3G47430,2026_03
Q9STY4,AT3G47390,2026_03
Q9STY6,AT3G47370,2026_03
Q9STZ8,AT4G12880,2026_03
Q9SU13,AT4G12730,2026_03
Q9SU26,AT4G12600,2026_03
Q9SU40,AT4G12420,2026_03
Q9SU63,AT3G48000,2026_03
Q9SU72,AT3G48090,2026_03
Q9SU79,AT4G29720,2026_03
Q9SU81,,2026_03
Q9SU82,AT4G29690,2026_03
Q9SU83,AT4G29680,2026_03
Q9SU88,,2026_03
Q9SU93,AT4G29520,2026_03
Q9SU94,AT4G29510,2026_03
Q9SUA1,AT4G26630,2026_03
Q9SUB2,,2026_03
Q9SUC6,AT4G20860,2026_03
Q9SUD0,AT4G28090,2026_03
Q9SUE9,AT4G08310,2026_03
Q9SUF2,,2026_03
Q9SUG6,AT4G22150,2026_03
Q9SUI4,AT4G12800,2026_03
Q9SUI5,AT1G30380,2026_03
Q9SUI6,AT1G52230,2026_03
Q9SUL8,AT4G30260,2026_03
Q9SUP0,AT4G20390,2026_03
Q9SUP5,AT4G23820,2026_03
Q9SUQ3,AT4G23740,2026_03
Q9SUQ8,AT4G23690,2026_03
Q9SUQ9,,2026_03
Q9SUR0,AT4G23670,2026_03
Q9SUR3,AT4G23630,2026_03
Q9SUR6,AT4G23600,2026_03
Q9SUR9,AT4G23570,2026_03
Q9SUS0,AT4G23560,2026_03
Q9SUS3,AT4G11380,2026_03
Q9SUT2,AT4G11290,2026_03
Q9SUT4,AT4G11270,2026_03
Q9SUT5,AT4G11260,2026_03
Q9SUT9,AT4G11220,2026_03
Q9SUU5,AT4G32470,2026_03
Q9SUU6,,2026_03
Q9SUV1,AT4G32400,2026_03
Q9SUV2,AT4G32390,2026_03
Q9SUW6,,2026_03
Q9SUX0,,2026_03
Q9SUY2,AT3G52230,2026_03
Q9SV20,AT4G31490,2026_03
Q9SV21,AT4G31480,2026_03
Q9SV31,AT3G54820,2026_03
Q9SV64,AT4G13050,2026_03
Q9SV68,AT4G13010,2026_03
Q9SV71,AT4G12980,2026_03
Q9SV91,,2026_03
Q9SVA6,AT4G39520,2026_03
Q9SVA7,,2026_03
Q9SVC2,AT3G52400,2026_03
Q9SVD1,AT3G52500,2026_03
Q9SVG3,AT4G20840,2026_03
Q9SVG4,AT4G20830,2026_03
Q9SVM9,AT4G13840,2026_03
Q9SVN5,AT4G13780,2026_03
Q9SVP6,AT4G13660,2026_03
Q9SVQ9,,2026_03
Q9SVR0,AT4G13170,2026_03
Q9SVW7,AT4G35490,2026_03
Q9SVW8,AT4G35470,2026_03
Q9SW09,AT4G25740,2026_03
Q9SW18,AT4G25080,2026_03
Q9SW33,AT4G24930,2026_03
Q9SW43,,2026_03
Q9SW44,AT4G34910,2026_03
Q9SW48,AT4G34860,2026_03
Q9SW96,AT5G56680,2026_03
Q9SWG0,AT3G45300,2026_03
Q9SX22,AT1G68590,2026_03
Q9SX52,AT1G50370,2026_03
Q9SX68,AT1G48350,2026_03
Q9SX77,AT1G47420,2026_03
Q9SX78,AT1G47480,2026_03
Q9SX80,AT1G47500,2026_03
Q9SXB6,AT1G11310,2026_03
Q9SXB8,AT1G11330,2026_03
Q9SXC0,,2026_03
Q9SXC8,AT1G27530,2026_03
Q9SXE1,AT1G62560,2026_03
Q9SXE9,AT1G62480,2026_03
Q9SXJ6,AT1G66670,2026_03
Q9SXJ7,AT3G48870,2026_03
Q9SXP7,AT1G04640,2026_03
Q9SXS7,AT5G28020,2026_03
Q9SY33,AT1G30870,2026_03
Q9SY56,,2026_03
Q9SY97,AT1G61520,2026_03
Q9SYB5,AT1G61790,2026_03
Q9SYB8,,2026_03
Q9SYE2,AT1G51400,2026_03
Q9SYG5,AT1G54090,2026_03
Q9SYG7,AT1G54100,2026_03
Q9SYI5,AT4G01870,2026_03
Q9SYL6,AT1G78660,2026_03
Q9SYL9,AT1G78630,2026_03
Q9SYM1,AT1G78610,2026_03
Q9SYM5,AT1G78570,2026_03
Q9SYP1,AT1G20960,2026_03
Q9SYP2,AT1G20950,2026_03
Q9SYT0,AT1G35720,2026_03
Q9SYX1,AT4G17600,2026_03
Q9SZ11,AT4G26690,2026_03
Q9SZ30,AT4G26900,2026_03
Q9SZ51,AT4G31840,2026_03
Q9SZ52,AT4G31850,2026_03
Q9SZ54,AT4G31870,2026_03
Q9SZ63,AT4G11980,2026_03
Q9SZ83,AT4G09670,2026_03
Q9SZ91,AT4G09750,2026_03
Q9SZA3,AT4G33250,2026_03
Q9SZB2,AT4G33350,2026_03
Q9SZB7,AT4G33400,2026_03
Q9SZB9,AT4G33420,2026_03
Q9SZC9,AT4G33520,2026_03
Q9SZD4,AT4G29040,2026_03
Q9SZD6,AT4G29060,2026_03
Q9SZE1,AT4G29120,2026_03
Q9SZE4,AT4G29160,2026_03
Q9SZE7,AT4G37530,2026_03
Q9SZE9,AT4G37550,2026_03
Q9SZI2,AT4G26110,2026_03
Q9SZI4,,2026_03
Q9SZJ5,AT4G37930,2026_03
Q9SZN1,AT4G38510,2026_03
Q9SZN7,AT4G38580,2026_03
Q9SZP6,,2026_03
Q9SZP8,AT4G38710,2026_03
Q9SZR1,AT4G29900,2026_03
Q9SZR6,AT4G29960,2026_03
Q9SZV0,AT4G37510,2026_03
Q9SZV4,,2026_03
Q9SZX3,AT4G24830,2026_03
Q9SZX9,AT4G10450,2026_03
Q9SZZ6,,2026_03
Q9T017,AT4G11190,2026_03
Q9T019,AT4G11210,2026_03
Q9T024,,2026_03
Q9T030,AT4G39230,2026_03
Q9T034,AT4G39280,2026_03
Q9T041,AT4G27060,2026_03
Q9T043,AT4G27090,2026_03
Q9T053,AT4G11850,2026_03
Q9T069,AT4G37820,2026_03
Q9T074,AT4G37870,2026_03
Q9T075,AT4G37880,2026_03
Q9T076,AT4G27520,2026_03
Q9T080,AT4G27560,2026_03
Q9T0A0,AT4G23850,2026_03
Q9T0A4,AT4G23890,2026_03
Q9T0G2,AT4G10040,2026_03
Q9T0H1,AT4G13500,2026_03
Q9T0I8,AT4G38800,2026_03
Q9T0I9,AT4G38810,2026_03
Q9T0J6,AT4G38890,2026_03
Q9T0K5,AT4G13340,2026_03
Q9T0K7,AT4G13360,2026_03
Q9T0P4,AT2G41220,2026_03
Q9XEA0,AT4G04350,2026_03
Q9XEA1,AT4G04340,2026_03
Q9XEE2,AT5G65020,2026_03
Q9XES1,AT1G07670,2026_03
Q9XEX2,AT1G65980,2026_03
Q9XF57,AT1G29260,2026_03
Q9XF88,AT3G08940,2026_03
Q9XF89,AT4G10340,2026_03
Q9XF91,AT1G44575,2026_03
Q9XFD1,AT5G44200,2026_03
Q9XFH8,AT3G02730,2026_03
Q9XFH9,AT5G16400,2026_03
Q9XFM6,AT5G52240,2026_03
Q9XFS7,AT3G51600,2026_03
Q9XFT3,AT4G21280,2026_03
Q9XGM1,AT3G58730,2026_03
Q9XGN1,AT5G24520,2026_03
Q9XGX9,AT3G46560,2026_03
Q9XGZ3,,2026_03
Q9XH75,AT5G52440,2026_03
Q9XI01,AT1G21750,2026_03
Q9XI10,AT1G21680,2026_03
Q9XI11,,2026_03
Q9XI12,,2026_03
Q9XI19,AT1G21600,2026_03
Q9XI21,AT1G15480,2026_03
Q9XI22,,2026_03
Q9XI36,AT1G15340,2026_03
Q9XI42,,2026_03
Q9XI55,AT1G15140,2026_03
Q9XI73,AT1G14150,2026_03
Q9XI82,,2026_03
Q9XI84,AT1G14030,2026_03
Q9XI87,AT1G14000,2026_03
Q9XI91,AT1G13950,2026_03
Q9XI93,AT1G13930,2026_03
Q9XI98,AT1G49300,2026_03
Q9XIA4,AT1G49380,2026_03
Q9XIA9,AT1G49430,2026_03
Q9XIB5,AT1G49480,2026_03
Q9XID3,AT1G34300,2026_03
Q9XIE2,AT1G59870,2026_03
Q9XIE6,AT1G59820,2026_03
Q9XIF8,AT1G59700,2026_03
Q9XII1,AT2G16070,2026_03
Q9XIK0,AT1G10522,2026_03
Q9XIM0,AT2G15890,2026_03
Q9XIN6,,2026_03
Q9XIP8,AT1G64980,2026_03
Q9XIQ1,,2026_03
Q9XIR0,,2026_03
Q9XJ27,AT1G74970,2026_03
Q9XJ35,AT1G49970,2026_03
Q9XJ36,AT1G12410,2026_03
Q9XQC7,AT5G17710,2026_03
Q9ZNR6,AT3G16050,2026_03
Q9ZNT0,AT2G27600,2026_03
Q9ZNT1,AT5G17770,2026_03
Q9ZNT7,AT1G03860,2026_03
Q9ZNV8,AT3G29350,2026_03
Q9ZNW0,AT5G55130,2026_03
Q9ZNZ7,AT5G04140,2026_03
Q9ZP05,AT5G09660,2026_03
Q9ZP06,AT1G53240,2026_03
Q9ZPE7,AT4G08950,2026_03
Q9ZPF5,AT4G08870,2026_03
Q9ZPH2,AT4G04950,2026_03
Q9ZPI1,AT3G11710,2026_03
Q9ZPI5,AT3G06860,2026_03
Q9ZPI6,AT4G29010,2026_03
Q9ZPS7,AT2G01970,2026_03
Q9ZPV8,AT2G18250,2026_03
Q9ZPW5,,2026_03
Q9ZPX1,AT2G18390,2026_03
Q9ZPY7,AT2G46520,2026_03
Q9ZPZ4,AT1G09310,2026_03
Q9ZQ18,AT2G24500,2026_03
Q9ZQ19,AT2G24490,2026_03
Q9ZQ26,AT2G24420,2026_03
Q9ZQ31,AT2G24360,2026_03
Q9ZQ78,,2026_03
Q9ZQ80,AT2G03440,2026_03
Q9ZQ87,AT2G03510,2026_03
Q9ZQ91,AT2G03550,2026_03
Q9ZQ94,AT2G36800,2026_03
Q9ZQE5,AT2G15690,2026_03
Q9ZQP2,AT2G35690,2026_03
Q9ZQQ0,AT2G35780,2026_03
Q9ZQQ1,,2026_03
Q9ZQX4,AT4G02620,2026_03
Q9ZQY6,AT3G26030,2026_03
Q9ZR03,AT4G03280,2026_03
Q9ZR72,AT2G36910,2026_03
Q9ZRA2,AT5G54080,2026_03
Q9ZRE2,AT3G11730,2026_03
Q9ZRT5,AT5G41210,2026_03
Q9ZRW8,AT1G78380,2026_03
Q9ZRZ8,AT4G16630,2026_03
Q9ZS91,AT4G04830,2026_03
Q9ZS97,AT4G04770,2026_03
Q9ZSA2,AT4G04720,2026_03
Q9ZSD4,AT3G11820,2026_03
Q9ZSI1,AT4G01630,2026_03
Q9ZSI6,,2026_03
Q9ZSJ7,AT3G24160,2026_03
Q9ZSK1,AT1G64970,2026_03
Q9ZSK4,AT5G59880,2026_03
Q9ZSS6,AT3G10050,2026_03
Q9ZST4,AT4G01900,2026_03
Q9ZSY2,AT1G68370,2026_03
Q9ZSZ8,AT3G54170,2026_03
Q9ZT71,AT4G03430,2026_03
Q9ZT82,AT4G03550,2026_03
Q9ZT91,AT4G02930,2026_03
Q9ZTZ7,AT1G01790,2026_03
Q9ZU23,AT1G52000,2026_03
Q9ZU25,AT1G51980,2026_03
Q9ZU32,AT2G01350,2026_03
Q9ZU35,AT2G01320,2026_03
Q9ZU38,AT2G01290,2026_03
Q9ZU48,AT2G01190,2026_03
Q9ZU52,AT2G01140,2026_03
Q9ZU66,AT2G18510,2026_03
Q9ZU91,AT2G01630,2026_03
Q9ZU93,AT2G01650,2026_03
Q9ZUA0,AT2G01720,2026_03
Q9ZUB3,AT1G23820,2026_03
Q9ZUC1,AT1G23740,2026_03
Q9ZUC2,AT1G23730,2026_03
Q9ZUF6,AT2G05920,2026_03
Q9ZUG4,AT2G05830,2026_03
Q9ZUI6,AT1G60070,2026_03
Q9ZUJ3,,2026_03
Q9ZUL3,AT2G02070,2026_03
Q9ZUN8,AT2G19540,2026_03
Q9ZUR7,AT2G37500,2026_03
Q9ZUS0,AT2G37470,2026_03
Q9ZUS6,,2026_03
Q9ZUT9,AT2G37270,2026_03
Q9ZUU2,AT2G37240,2026_03
Q9ZUU3,AT2G37230,2026_03
Q9ZUU4,AT2G37220,2026_03
Q9ZUX0,,2026_03
Q9ZUX4,AT2G27730,2026_03
Q9ZUY3,AT2G27820,2026_03
Q9ZUY6,AT2G27860,2026_03
Q9ZV05,AT2G39030,2026_03
Q9ZV07,AT2G39010,2026_03
Q9ZV19,AT2G38860,2026_03
Q9ZV24,AT2G28900,2026_03
Q9ZV34,AT2G28790,2026_03
Q9ZV42,AT2G18770,2026_03
Q9ZV48,AT2G18700,2026_03
Q9ZV56,AT2G32260,2026_03
Q9ZV85,AT1G78670,2026_03
Q9ZVA1,AT1G78820,2026_03
Q9ZVA2,AT1G78830,2026_03
Q9ZVA4,AT1G78850,2026_03
Q9ZVA7,AT1G78880,2026_03
Q9ZVD0,AT2G27100,2026_03
Q9ZVD5,AT2G27040,2026_03
Q9ZVF2,AT2G01530,2026_03
Q9ZVF3,AT2G01520,2026_03
Q9ZVH4,AT1G26830,2026_03
Q9ZVH7,AT2G38550,2026_03
Q9ZVI7,AT2G38650,2026_03
Q9ZVI9,AT2G38670,2026_03
Q9ZVJ4,AT2G38730,2026_03
Q9ZVJ5,AT2G38740,2026_03
Q9ZVL0,,2026_03
Q9ZVL6,AT1G54780,2026_03
Q9ZVM9,AT1G54610,2026_03
Q9ZVN2,AT1G54570,2026_03
Q9ZVQ2,,2026_03
Q9ZVQ3,AT2G02390,2026_03
Q9ZVS4,AT1G03220,2026_03
Q9ZVS5,AT1G03230,2026_03
Q9ZVT6,,2026_03
Q9ZVU4,,2026_03
Q9ZVW2,AT2G06990,2026_03
Q9ZVX7,,2026_03
Q9ZVY7,AT1G05510,2026_03
Q9ZW02,AT2G29140,2026_03
Q9ZW06,AT2G29190,2026_03
Q9ZW19,AT2G29360,2026_03
Q9ZW24,AT2G29420,2026_03
Q9ZW30,AT2G29490,2026_03
Q9ZW33,AT2G29530,2026_03
Q9ZW34,AT2G29560,2026_03
Q9ZW35,AT2G29570,2026_03
Q9ZW74,AT2G43210,2026_03
Q9ZW84,AT2G43100,2026_03
Q9ZW85,AT2G43090,2026_03
Q9ZWA8,AT1G03870,2026_03
Q9ZWA9,AT1G03890,2026_03
Q9ZWC4,AT1G04040,2026_03
Q9ZWJ3,AT1G22360,2026_03
Q9ZWT2,AT5G48810,2026_03
X5JA13,AT5G12370,2026_03
X5JB51,AT5G12365,2026_03
