condition,mode,locus_id,chrom,bp_start,bp_end,agi_start,agi_end,best_lod,n_genes,n_traits,traits,genes
control,positive,LocusPC_6,1,996115,1049297,3910,4050,11.139,17,1,PC_1638,AT1G03910;AT1G03920;AT1G03930;AT1G03935;AT1G03940;AT1G03950;AT1G03960;AT1G03970;AT1G03980;AT1G03982;AT1G03990;AT1G04000;AT1G04010;AT1G04020;AT1G04030;AT1G04040;AT1G04050
control,positive,LocusPC_19,1,3041996,3079539,9430,9530,15.473,13,7,PC_0677;PC_1286;PC_1603;PC_1621;PC_1655;PC_1687;PC_1697,AT1G09430;AT1G09440;AT1G09450;AT1G09460;AT1G09470;AT1G09480;AT1G09483;AT1G09486;AT1G09490;AT1G09500;AT1G09510;AT1G09520;AT1G09530
control,positive,LocusPC_50,1,7078898,7149977,20410,20630,10.356,25,3,PC_1039;PC_1137;PC_1666,AT1G20410;AT1G20420;AT1G20430;AT1G20440;AT1G20450;AT1G20460;AT1G20470;AT1G20480;AT1G20490;AT1G20500;AT1G20510;AT1G20515;AT1G20520;AT1G20530;AT1G20540;AT1G20550;AT1G20560;AT1G20570;AT1G20575;AT1G20580;AT1G20590;AT1G20600;AT1G20610;AT1G20620;AT1G20630
control,positive,LocusPC_60,1,7908569,7933390,22403,22470,9.305,8,5,PC_1128;PC_1591;PC_1673;PC_1692;PC_1693,AT1G22403;AT1G22410;AT1G22420;AT1G22430;AT1G22440;AT1G22450;AT1G22460;AT1G22470
control,positive,LocusPC_109,1,17116044,17159397,45191,45256,8.788,15,2,PC_1977;PC_2008,AT1G45191;AT1G45201;AT1G45207;AT1G45211;AT1G45215;AT1G45221;AT1G45223;AT1G45225;AT1G45227;AT1G45256;AT1G45243;AT1G45231;AT1G45233;AT1G45229;AT1G45234
control,positive,LocusPC_121,1,19035755,19061424,51350,51410,14.589,10,4,PC_0075;PC_0076;PC_1855;PC_1870,AT1G51350;AT1G51355;AT1G51360;AT1G51370;AT1G51380;AT1G51390;AT1G51400;AT1G51402;AT1G51405;AT1G51410
control,positive,LocusPC_143,1,22160099,22290315,60095,60490,17.546,39,36,PC_0172;PC_0177;PC_0181;PC_0188;PC_0195;PC_0308;PC_0317;PC_0320;PC_0394;PC_0763;PC_0765;PC_0939;PC_1398;PC_1400;PC_1438;PC_1439;PC_1753;PC_1755;PC_1782;PC_1801;PC_1821;PC_1822;PC_1843;PC_1888;PC_1895;PC_1909;PC_2001;PC_2002;PC_2034;PC_2184;PC_2205;PC_2320;PC_2376;PC_2383;PC_2389;PC_2393,AT1G60095;AT1G60110;AT1G60120;AT1G60130;AT1G60140;AT1G60150;AT1G60160;AT1G60170;AT1G60180;AT1G60190;AT1G60200;AT1G60220;AT1G60230;AT1G60240;AT1G60250;AT1G60260;AT1G60270;AT1G60280;AT1G60290;AT1G60300;AT1G60310;AT1G60320;AT1G60330;AT1G60340;AT1G60350;AT1G60360;AT1G60370;AT1G60380;AT1G60390;AT1G60400;AT1G60410;AT1G60420;AT1G60430;AT1G60440;AT1G60450;AT1G60460;AT1G60470;AT1G60480;AT1G60490
control,positive,LocusPC_152,1,22972352,23020685,62160,62301,13.383,20,2,PC_0766;PC_0916,AT1G62160;AT1G62170;AT1G62180;AT1G62181;AT1G62190;AT1G62200;AT1G62210;AT1G62214;AT1G62220;AT1G62225;AT1G62230;AT1G62240;AT1G62250;AT1G62260;AT1G62262;AT1G62270;AT1G62280;AT1G62290;AT1G62300;AT1G62301
control,positive,LocusPC_211,2,306385,389918,1680,1860,8.606,22,10,PC_0177;PC_0317;PC_1153;PC_1166;PC_1247;PC_1367;PC_1821;PC_1843;PC_1888;PC_1895,AT2G01680;AT2G01690;AT2G01700;AT2G01710;AT2G01720;AT2G01730;AT2G01735;AT2G01740;AT2G01750;AT2G01755;AT2G01760;AT2G01770;AT2G01780;AT2G01790;AT2G01800;AT2G01810;AT2G01818;AT2G01820;AT2G01830;AT2G01840;AT2G01850;AT2G01860
control,positive,LocusPC_273,2,9457810,9548566,22250,22480,8.559,29,12,PC_0630;PC_0727;PC_1681;PC_1719;PC_1720;PC_1721;PC_1722;PC_1746;PC_1779;PC_1793;PC_1797;PC_1815,AT2G22250;AT2G22260;AT2G22270;AT2G22280;AT2G22290;AT2G22300;AT2G22310;AT2G22320;AT2G22330;AT2G22335;AT2G22340;AT2G22345;AT2G22350;AT2G22360;AT2G22370;AT2G22380;AT2G22390;AT2G22400;AT2G22410;AT2G22420;AT2G22425;AT2G22426;AT2G22430;AT2G22440;AT2G22450;AT2G22460;AT2G22470;AT2G22475;AT2G22480
control,positive,LocusPC_274,2,9572796,9610595,22530,22620,9.199,9,11,PC_0630;PC_0727;PC_1681;PC_1719;PC_1720;PC_1721;PC_1722;PC_1746;PC_1767;PC_1797;PC_1815,AT2G22530;AT2G22540;AT2G22560;AT2G22570;AT2G22580;AT2G22590;AT2G22600;AT2G22610;AT2G22620
control,positive,LocusPC_276,2,9645313,9919258,22680,23310,20.763,79,31,PC_0090;PC_0630;PC_0705;PC_0725;PC_0726;PC_0727;PC_0786;PC_0840;PC_0987;PC_1157;PC_1211;PC_1212;PC_1213;PC_1681;PC_1690;PC_1718;PC_1719;PC_1720;PC_1721;PC_1722;PC_1743;PC_1746;PC_1767;PC_1779;PC_1792;PC_1793;PC_1794;PC_1795;PC_1797;PC_1815;PC_1905,AT2G22680;AT2G22690;AT2G22710;AT2G22720;AT2G22730;AT2G22740;AT2G22750;AT2G22760;AT2G22770;AT2G22780;AT2G22790;AT2G22795;AT2G22800;AT2G22802;AT2G22805;AT2G22807;AT2G22810;AT2G22820;AT2G22821;AT2G22830;AT2G22840;AT2G22850;AT2G22860;AT2G22870;AT2G22880;AT2G22890;AT2G22900;AT2G22905;AT2G22910;AT2G22920;AT2G22930;AT2G22940;AT2G22941;AT2G22942;AT2G22950;AT2G22955;AT2G22960;AT2G22970;AT2G22980;AT2G22990;AT2G23000;AT2G23010;AT2G23020;AT2G23030;AT2G23040;AT2G23050;AT2G23060;AT2G23067;AT2G23070;AT2G23080;AT2G23090;AT2G23093;AT2G23096;AT2G23100;AT2G23110;AT2G23118;AT2G23120;AT2G23130;AT2G23140;AT2G23142;AT2G23148;AT2G23149;AT2G23150;AT2G23160;AT2G23170;AT2G23171;AT2G23180;AT2G23190;AT2G23200;AT2G23210;AT2G23220;AT2G23230;AT2G23240;AT2G23250;AT2G23260;AT2G23270;AT2G23290;AT2G23300;AT2G23310
control,positive,LocusPC_277,2,9937998,10036000,23340,23590,11.684,28,22,PC_0630;PC_0725;PC_0726;PC_0727;PC_1157;PC_1211;PC_1212;PC_1213;PC_1583;PC_1681;PC_1718;PC_1719;PC_1720;PC_1721;PC_1722;PC_1746;PC_1767;PC_1792;PC_1794;PC_1797;PC_1815;PC_2168,AT2G23340;AT2G23348;AT2G23347;AT2G23350;AT2G23360;AT2G23370;AT2G23380;AT2G23390;AT2G23400;AT2G23410;AT2G23420;AT2G23430;AT2G23440;AT2G23450;AT2G23460;AT2G23470;AT2G23480;AT2G23490;AT2G23500;AT2G23510;AT2G23520;AT2G23530;AT2G23540;AT2G23550;AT2G23560;AT2G23570;AT2G23580;AT2G23590
control,positive,LocusPC_278,2,10042199,10155647,23600,23840,8.745,28,3,PC_1720;PC_1746;PC_1815,AT2G23600;AT2G23610;AT2G23620;AT2G23630;AT2G23640;AT2G23650;AT2G23660;AT2G23670;AT2G23672;AT2G23673;AT2G23680;AT2G23690;AT2G23700;AT2G23710;AT2G23720;AT2G23740;AT2G23755;AT2G23760;AT2G23770;AT2G23780;AT2G23790;AT2G23800;AT2G23808;AT2G23810;AT2G23820;AT2G23830;AT2G23834;AT2G23840
control,positive,LocusPC_342,3,761310,876800,3270,3620,9.594,41,12,PC_0071;PC_1770;PC_1803;PC_1839;PC_1979;PC_1991;PC_2010;PC_2064;PC_2065;PC_2066;PC_2225;PC_2254,AT3G03270;AT3G03272;AT3G03280;AT3G03290;AT3G03300;AT3G03305;AT3G03310;AT3G03320;AT3G03330;AT3G03340;AT3G03341;AT3G03350;AT3G03356;AT3G03360;AT3G03370;AT3G03380;AT3G03400;AT3G03405;AT3G03410;AT3G03420;AT3G03430;AT3G03440;AT3G03450;AT3G03456;AT3G03460;AT3G03470;AT3G03480;AT3G03490;AT3G03500;AT3G03510;AT3G03520;AT3G03530;AT3G03540;AT3G03550;AT3G03560;AT3G03570;AT3G03580;AT3G03590;AT3G03600;AT3G03610;AT3G03620
control,positive,LocusPC_364,3,4831288,4994058,14440,14840,16.404,47,8,PC_1017;PC_1431;PC_1494;PC_1495;PC_1538;PC_1559;PC_1569;PC_1587,AT3G14440;AT3G14450;AT3G14452;AT3G14460;AT3G14470;AT3G14475;AT3G14480;AT3G14490;AT3G14500;AT3G14510;AT3G14515;AT3G14517;AT3G14520;AT3G14530;AT3G14540;AT3G14550;AT3G14560;AT3G14570;AT3G14580;AT3G14590;AT3G14595;AT3G14600;AT3G14610;AT3G14620;AT3G14630;AT3G14640;AT3G14650;AT3G14660;AT3G14670;AT3G14680;AT3G14690;AT3G14700;AT3G14710;AT3G14720;AT3G14730;AT3G14735;AT3G14740;AT3G14750;AT3G14760;AT3G14770;AT3G14780;AT3G14790;AT3G14800;AT3G14810;AT3G14820;AT3G14830;AT3G14840
control,positive,LocusPC_365,3,4995597,5029710,14850,14940,8.084,11,3,PC_1494;PC_1538;PC_2096,AT3G14850;AT3G14855;AT3G14860;AT3G14870;AT3G14880;AT3G14890;AT3G14900;AT3G14910;AT3G14920;AT3G14930;AT3G14940
control,positive,LocusPC_366,3,5030216,5104140,14950,15150,9.245,25,4,PC_0651;PC_1155;PC_1494;PC_1538,AT3G14950;AT3G14960;AT3G14970;AT3G14980;AT3G14981;AT3G14990;AT3G15000;AT3G15010;AT3G15020;AT3G15030;AT3G15040;AT3G15050;AT3G15055;AT3G15060;AT3G15070;AT3G15080;AT3G15090;AT3G15095;AT3G15110;AT3G15111;AT3G15115;AT3G15120;AT3G15130;AT3G15140;AT3G15150
control,positive,LocusPC_383,3,6815613,6882315,19620,19820,8.375,20,1,PC_1155,AT3G19620;AT3G19630;AT3G19640;AT3G19650;AT3G19660;AT3G19663;AT3G19670;AT3G19680;AT3G19690;AT3G19700;AT3G19710;AT3G19720;AT3G19740;AT3G19760;AT3G19770;AT3G19780;AT3G19790;AT3G19800;AT3G19810;AT3G19820
control,positive,LocusPC_389,3,7610958,7691504,21620,21820,23.888,25,11,PC_0732;PC_0740;PC_1231;PC_1234;PC_1345;PC_1684;PC_1726;PC_1734;PC_2109;PC_2250;PC_2265,AT3G21620;AT3G21630;AT3G21640;AT3G21650;AT3G21660;AT3G21670;AT3G21680;AT3G21690;AT3G21700;AT3G21710;AT3G21720;AT3G21730;AT3G21740;AT3G21750;AT3G21755;AT3G21760;AT3G21770;AT3G21780;AT3G21781;AT3G21790;AT3G21791;AT3G21800;AT3G21805;AT3G21810;AT3G21820
control,positive,LocusPC_533,4,1202170,1456751,2715,3300,26.406,78,89,PC_0161;PC_0164;PC_0165;PC_0167;PC_0199;PC_0204;PC_0233;PC_0278;PC_0354;PC_0440;PC_0459;PC_0463;PC_0470;PC_0472;PC_0476;PC_0496;PC_0541;PC_0558;PC_0559;PC_0603;PC_0691;PC_0694;PC_0712;PC_0756;PC_0774;PC_0811;PC_0812;PC_0819;PC_0849;PC_0896;PC_0897;PC_0925;PC_0928;PC_0935;PC_0944;PC_0981;PC_0992;PC_1016;PC_1181;PC_1183;PC_1198;PC_1237;PC_1240;PC_1253;PC_1254;PC_1257;PC_1287;PC_1295;PC_1322;PC_1323;PC_1326;PC_1334;PC_1357;PC_1360;PC_1370;PC_1393;PC_1402;PC_1408;PC_1413;PC_1418;PC_1423;PC_1427;PC_1450;PC_1465;PC_1471;PC_1482;PC_1497;PC_1524;PC_1532;PC_1581;PC_1583;PC_1694;PC_1695;PC_1789;PC_1828;PC_1844;PC_1893;PC_1930;PC_1970;PC_2003;PC_2026;PC_2067;PC_2089;PC_2114;PC_2128;PC_2131;PC_2263;PC_2319;PC_2365,AT4G02715;AT4G02720;AT4G02725;AT4G02730;AT4G02733;AT4G02740;AT4G02750;AT4G02760;AT4G02770;AT4G02780;AT4G02790;AT4G02800;AT4G02810;AT4G02820;AT4G02830;AT4G02840;AT4G02850;AT4G02860;AT4G02870;AT4G02871;AT4G02880;AT4G02890;AT4G02900;AT4G02910;AT4G02920;AT4G02930;AT4G02940;AT4G02950;AT4G02960;AT4G02970;AT4G02980;AT4G02990;AT4G03000;AT4G03010;AT4G03020;AT4G03030;AT4G03038;AT4G03039;AT4G03040;AT4G03050;AT4G03060;AT4G03063;AT4G03070;AT4G03080;AT4G03090;AT4G03100;AT4G03110;AT4G03115;AT4G03113;AT4G03120;AT4G03130;AT4G03135;AT4G03140;AT4G03150;AT4G03153;AT4G03156;AT4G03160;AT4G03165;AT4G03170;AT4G03175;AT4G03180;AT4G03190;AT4G03200;AT4G03205;AT4G03210;AT4G03220;AT4G03230;AT4G03240;AT4G03250;AT4G03260;AT4G03270;AT4G03280;AT4G03285;AT4G03290;AT4G03292;AT4G03295;AT4G03298;AT4G03300
control,positive,LocusPC_534,4,1457798,1585966,3305,3560,13.304,38,16,PC_0167;PC_0440;PC_0811;PC_0819;PC_0925;PC_0928;PC_0935;PC_0981;PC_1016;PC_1181;PC_1295;PC_1450;PC_1471;PC_2003;PC_2026;PC_2131,AT4G03305;AT4G03310;AT4G03320;AT4G03330;AT4G03340;AT4G03350;AT4G03360;AT4G03364;AT4G03370;AT4G03376;AT4G03380;AT4G03390;AT4G03400;AT4G03410;AT4G03405;AT4G03415;AT4G03420;AT4G03430;AT4G03435;AT4G03437;AT4G03438;AT4G03440;AT4G03443;AT4G03445;AT4G03450;AT4G03455;AT4G03460;AT4G03470;AT4G03480;AT4G03490;AT4G03500;AT4G03505;AT4G03510;AT4G03520;AT4G03530;AT4G03540;AT4G03550;AT4G03560
control,positive,LocusPC_535,4,1586747,1624141,3565,3650,8.432,12,3,PC_0167;PC_1450;PC_1471,AT4G03565;AT4G03566;AT4G03570;AT4G03580;AT4G03590;AT4G03600;AT4G03610;AT4G03620;AT4G03630;AT4G03635;AT4G03640;AT4G03650
control,positive,LocusPC_544,4,2718170,2758275,5320,5440,8.447,13,1,PC_0167,AT4G05320;AT4G05330;AT4G05340;AT4G05350;AT4G05360;AT4G05370;AT4G05380;AT4G05390;AT4G05400;AT4G05410;AT4G05420;AT4G05430;AT4G05440
control,positive,LocusPC_562,4,6557177,6682462,10610,10865,23.397,33,2,PC_1641;PC_2230,AT4G10610;AT4G10613;AT4G10620;AT4G10630;AT4G10640;AT4G10650;AT4G10655;AT4G10660;AT4G10670;AT4G10680;AT4G10690;AT4G10695;AT4G10700;AT4G10710;AT4G10720;AT4G10730;AT4G10740;AT4G10750;AT4G10760;AT4G10767;AT4G10770;AT4G10780;AT4G10790;AT4G10800;AT4G10810;AT4G10815;AT4G10820;AT4G10830;AT4G10840;AT4G10845;AT4G10850;AT4G10860;AT4G10865
control,positive,LocusPC_569,4,7263599,7343590,12130,12410,17.043,34,10,PC_0729;PC_0730;PC_0740;PC_1214;PC_1342;PC_1344;PC_1654;PC_1655;PC_1685;PC_1686,AT4G12130;AT4G12135;AT4G12140;AT4G12150;AT4G12160;AT4G12170;AT4G12180;AT4G12190;AT4G12200;AT4G12210;AT4G12220;AT4G12230;AT4G12240;AT4G12250;AT4G12260;AT4G12270;AT4G12275;AT4G12280;AT4G12290;AT4G12300;AT4G12310;AT4G12320;AT4G12330;AT4G12334;AT4G12340;AT4G12350;AT4G12360;AT4G12370;AT4G12380;AT4G12382;AT4G12390;AT4G12400;AT4G12405;AT4G12410
control,positive,LocusPC_602,4,10169444,10201611,18395,18470,10.608,12,3,PC_0860;PC_1242;PC_1265,AT4G18395;AT4G18400;AT4G18410;AT4G18420;AT4G18422;AT4G18425;AT4G18430;AT4G18440;AT4G18450;AT4G18470;AT4G18460;AT4G18465
control,positive,LocusPC_615,4,10961612,11044799,20310,20510,8.292,24,2,PC_0987;PC_2434,AT4G20310;AT4G20320;AT4G20325;AT4G20330;AT4G20340;AT4G20350;AT4G20360;AT4G20362;AT4G20365;AT4G20370;AT4G20380;AT4G20390;AT4G20400;AT4G20410;AT4G20420;AT4G20430;AT4G20440;AT4G20450;AT4G20460;AT4G20470;AT4G20480;AT4G20490;AT4G20500;AT4G20510
control,positive,LocusPC_616,4,11117798,11180799,20730,20880,16.807,15,4,PC_0987;PC_1172;PC_1230;PC_1617,AT4G20730;AT4G20740;AT4G20760;AT4G20770;AT4G20780;AT4G20790;AT4G20800;AT4G20810;AT4G20820;AT4G20830;AT4G20840;AT4G20850;AT4G20860;AT4G20870;AT4G20880
control,positive,LocusPC_639,4,14090489,14279984,28530,28950,18.982,50,2,PC_0448;PC_1024,AT4G28530;AT4G28540;AT4G28550;AT4G28556;AT4G28560;AT4G28564;AT4G28570;AT4G28580;AT4G28590;AT4G28600;AT4G28610;AT4G28620;AT4G28630;AT4G28640;AT4G28650;AT4G28660;AT4G28670;AT4G28680;AT4G28690;AT4G28700;AT4G28703;AT4G28706;AT4G28710;AT4G28720;AT4G28730;AT4G28740;AT4G28750;AT4G28760;AT4G28770;AT4G28775;AT4G28780;AT4G28790;AT4G28800;AT4G28811;AT4G28815;AT4G28820;AT4G28830;AT4G28840;AT4G28850;AT4G28860;AT4G28870;AT4G28880;AT4G28890;AT4G28900;AT4G28910;AT4G28915;AT4G28920;AT4G28930;AT4G28940;AT4G28950
control,positive,LocusPC_662,4,16698320,16718017,35080,35120,8.06,5,1,PC_0526,AT4G35080;AT4G35090;AT4G35100;AT4G35110;AT4G35120
control,positive,LocusPC_669,4,17524461,17640665,37240,37540,13.008,35,28,PC_0438;PC_0482;PC_0584;PC_0711;PC_0791;PC_0829;PC_0875;PC_0919;PC_0921;PC_1099;PC_1274;PC_1305;PC_1364;PC_1415;PC_1445;PC_1458;PC_1472;PC_1491;PC_1533;PC_1577;PC_1580;PC_1594;PC_1647;PC_1666;PC_1681;PC_1709;PC_2158;PC_2193,AT4G37240;AT4G37250;AT4G37260;AT4G37270;AT4G37280;AT4G37290;AT4G37295;AT4G37300;AT4G37310;AT4G37320;AT4G37330;AT4G37340;AT4G37360;AT4G37370;AT4G37380;AT4G37390;AT4G37400;AT4G37409;AT4G37410;AT4G37420;AT4G37430;AT4G37432;AT4G37440;AT4G37445;AT4G37450;AT4G37460;AT4G37470;AT4G37480;AT4G37483;AT4G37490;AT4G37500;AT4G37510;AT4G37520;AT4G37530;AT4G37540
control,positive,LocusPC_675,4,18306238,18374204,39370,39520,9.684,17,7,PC_1134;PC_1775;PC_1924;PC_2010;PC_2062;PC_2247;PC_2248,AT4G39370;AT4G39380;AT4G39390;AT4G39400;AT4G39403;AT4G39404;AT4G39410;AT4G39420;AT4G39440;AT4G39450;AT4G39460;AT4G39470;AT4G39480;AT4G39490;AT4G39500;AT4G39510;AT4G39520
control,positive,LocusPC_686,5,839885,907422,3406,3580,11.219,27,8,PC_0078;PC_0358;PC_0431;PC_1219;PC_1348;PC_1372;PC_1756;PC_1811,AT5G03406;AT5G03415;AT5G03420;AT5G03430;AT5G03435;AT5G03440;AT5G03445;AT5G03450;AT5G03452;AT5G03455;AT5G03460;AT5G03470;AT5G03480;AT5G03490;AT5G03495;AT5G03500;AT5G03510;AT5G03520;AT5G03530;AT5G03540;AT5G03545;AT5G03550;AT5G03552;AT5G03555;AT5G03560;AT5G03570;AT5G03580
control,positive,LocusPC_694,5,1612006,1663929,5450,5570,12.81,13,2,PC_0454;PC_0866,AT5G05450;AT5G05460;AT5G05470;AT5G05480;AT5G05490;AT5G05500;AT5G05510;AT5G05520;AT5G05530;AT5G05540;AT5G05550;AT5G05560;AT5G05570
control,positive,LocusPC_695,5,1664134,1804492,5580,5980,26.844,46,3,PC_0454;PC_0456;PC_0866,AT5G05580;AT5G05590;AT5G05598;AT5G05600;AT5G05610;AT5G05620;AT5G05630;AT5G05640;AT5G05650;AT5G05657;AT5G05660;AT5G05670;AT5G05680;AT5G05690;AT5G05700;AT5G05710;AT5G05720;AT5G05730;AT5G05740;AT5G05750;AT5G05760;AT5G05770;AT5G05780;AT5G05790;AT5G05795;AT5G05800;AT5G05810;AT5G05820;AT5G05830;AT5G05840;AT5G05850;AT5G05860;AT5G05870;AT5G05880;AT5G05890;AT5G05900;AT5G05910;AT5G05920;AT5G05930;AT5G05940;AT5G05945;AT5G05950;AT5G05960;AT5G05965;AT5G05970;AT5G05980
control,positive,LocusPC_696,5,1806761,1831467,5990,6080,9.375,11,2,PC_0454;PC_1999,AT5G05990;AT5G06000;AT5G06010;AT5G06020;AT5G06030;AT5G06040;AT5G06043;AT5G06050;AT5G06060;AT5G06070;AT5G06080
control,positive,LocusPC_723,5,5454801,5707637,16630,17320,23.321,75,7,PC_0703;PC_1060;PC_1385;PC_1399;PC_1754;PC_2000;PC_2148,AT5G16630;AT5G16640;AT5G16650;AT5G16660;AT5G16680;AT5G16690;AT5G16700;AT5G16710;AT5G16715;AT5G16720;AT5G16730;AT5G16740;AT5G16750;AT5G16760;AT5G16770;AT5G16780;AT5G16790;AT5G16800;AT5G16810;AT5G16820;AT5G16830;AT5G16840;AT5G16850;AT5G16860;AT5G16870;AT5G16880;AT5G16890;AT5G16900;AT5G16910;AT5G16920;AT5G16930;AT5G16940;AT5G16950;AT5G16960;AT5G16970;AT5G16980;AT5G16990;AT5G17000;AT5G17010;AT5G17020;AT5G17030;AT5G17040;AT5G17050;AT5G17060;AT5G17070;AT5G17073;AT5G17080;AT5G17090;AT5G17100;AT5G17110;AT5G17120;AT5G17125;AT5G17130;AT5G17140;AT5G17150;AT5G17160;AT5G17165;AT5G17170;AT5G17180;AT5G17190;AT5G17200;AT5G17210;AT5G17220;AT5G17230;AT5G17233;AT5G17240;AT5G17250;AT5G17260;AT5G17262;AT5G17270;AT5G17280;AT5G17290;AT5G17300;AT5G17310;AT5G17320
control,positive,LocusPC_742,5,7388004,7410102,22320,22380,8.562,8,28,PC_0437;PC_0495;PC_0523;PC_0536;PC_0542;PC_0551;PC_0614;PC_0618;PC_0650;PC_0652;PC_0742;PC_0776;PC_0824;PC_0833;PC_1039;PC_1177;PC_1182;PC_1252;PC_1301;PC_1361;PC_1410;PC_1443;PC_1551;PC_1570;PC_1593;PC_1623;PC_1678;PC_2189,AT5G22320;AT5G22330;AT5G22340;AT5G22350;AT5G22355;AT5G22360;AT5G22370;AT5G22380
control,positive,LocusPC_744,5,7515217,7864271,22610,23370,17.013,88,110,PC_0142;PC_0437;PC_0460;PC_0470;PC_0495;PC_0504;PC_0510;PC_0523;PC_0534;PC_0536;PC_0542;PC_0551;PC_0573;PC_0587;PC_0594;PC_0596;PC_0606;PC_0614;PC_0618;PC_0619;PC_0625;PC_0644;PC_0650;PC_0652;PC_0656;PC_0667;PC_0668;PC_0691;PC_0694;PC_0696;PC_0742;PC_0744;PC_0774;PC_0776;PC_0793;PC_0794;PC_0819;PC_0824;PC_0825;PC_0832;PC_0833;PC_0837;PC_0910;PC_0928;PC_0929;PC_0932;PC_0975;PC_1012;PC_1013;PC_1023;PC_1027;PC_1028;PC_1039;PC_1069;PC_1070;PC_1085;PC_1113;PC_1177;PC_1182;PC_1189;PC_1198;PC_1205;PC_1218;PC_1223;PC_1237;PC_1248;PC_1252;PC_1268;PC_1274;PC_1295;PC_1301;PC_1310;PC_1311;PC_1316;PC_1332;PC_1361;PC_1365;PC_1369;PC_1410;PC_1443;PC_1447;PC_1465;PC_1493;PC_1501;PC_1515;PC_1535;PC_1552;PC_1570;PC_1582;PC_1588;PC_1593;PC_1623;PC_1627;PC_1678;PC_1690;PC_1694;PC_1751;PC_1832;PC_1878;PC_1930;PC_1946;PC_2003;PC_2037;PC_2114;PC_2131;PC_2170;PC_2189;PC_2263;PC_2319;PC_2365,AT5G22610;AT5G22620;AT5G22630;AT5G22640;AT5G22650;AT5G22660;AT5G22670;AT5G22680;AT5G22690;AT5G22700;AT5G22710;AT5G22720;AT5G22730;AT5G22740;AT5G22750;AT5G22760;AT5G22770;AT5G22780;AT5G22790;AT5G22788;AT5G22791;AT5G22792;AT5G22794;AT5G22800;AT5G22810;AT5G22820;AT5G22830;AT5G22840;AT5G22850;AT5G22860;AT5G22870;AT5G22875;AT5G22880;AT5G22890;AT5G22900;AT5G22910;AT5G22920;AT5G22930;AT5G22940;AT5G22950;AT5G22960;AT5G22970;AT5G22980;AT5G22990;AT5G23000;AT5G23010;AT5G23020;AT5G23027;AT5G23030;AT5G23035;AT5G23040;AT5G23050;AT5G23060;AT5G23065;AT5G23070;AT5G23080;AT5G23090;AT5G23100;AT5G23110;AT5G23120;AT5G23130;AT5G23140;AT5G23150;AT5G23155;AT5G23160;AT5G23170;AT5G23180;AT5G23190;AT5G23200;AT5G23210;AT5G23212;AT5G23220;AT5G23230;AT5G23235;AT5G23240;AT5G23250;AT5G23260;AT5G23270;AT5G23280;AT5G23290;AT5G23300;AT5G23310;AT5G23320;AT5G23330;AT5G23340;AT5G23350;AT5G23360;AT5G23370
control,positive,LocusPC_745,5,7866742,7909585,23380,23450,8.16,12,17,PC_0523;PC_0542;PC_0618;PC_0650;PC_0776;PC_0824;PC_0833;PC_1039;PC_1182;PC_1301;PC_1311;PC_1361;PC_1570;PC_1593;PC_1623;PC_2170;PC_2189,AT5G23380;AT5G23390;AT5G23395;AT5G23400;AT5G23405;AT5G23410;AT5G23411;AT5G23413;AT5G23420;AT5G23430;AT5G23440;AT5G23450
control,positive,LocusPC_773,5,9984051,10147542,27950,28165,25.637,36,7,PC_0118;PC_0121;PC_0768;PC_0858;PC_0936;PC_0980;PC_2042,AT5G27950;AT5G27960;AT5G27965;AT5G27967;AT5G27970;AT5G27980;AT5G27990;AT5G28000;AT5G28010;AT5G28020;AT5G28030;AT5G28040;AT5G28050;AT5G28052;AT5G28053;AT5G28056;AT5G28060;AT5G28065;AT5G28067;AT5G28070;AT5G28073;AT5G28076;AT5G28080;AT5G28085;AT5G28090;AT5G28100;AT5G28110;AT5G28120;AT5G28130;AT5G28140;AT5G28141;AT5G28143;AT5G28145;AT5G28150;AT5G28160;AT5G28165
control,positive,LocusPC_796,5,15090286,15204265,37890,38100,11.984,26,7,PC_0648;PC_0835;PC_1390;PC_1406;PC_1420;PC_1421;PC_1452,AT5G37890;AT5G37900;AT5G37910;AT5G37920;AT5G37930;AT5G37940;AT5G37950;AT5G37960;AT5G37970;AT5G37980;AT5G37990;AT5G38000;AT5G38005;AT5G38010;AT5G38020;AT5G38030;AT5G38035;AT5G38037;AT5G38040;AT5G38050;AT5G38060;AT5G38070;AT5G38080;AT5G38090;AT5G38096;AT5G38100
control,positive,LocusPC_818,5,17416074,17473591,43370,43500,8.017,19,8,PC_0100;PC_0873;PC_0919;PC_1106;PC_1184;PC_1415;PC_1458;PC_2082,AT5G43370;AT5G43380;AT5G43390;AT5G43400;AT5G43401;AT5G43403;AT5G43405;AT5G43410;AT5G43415;AT5G43420;AT5G43430;AT5G43440;AT5G43450;AT5G43455;AT5G43460;AT5G43470;AT5G43480;AT5G43490;AT5G43500
control,positive,LocusPC_819,5,17656911,17726379,43900,44050,11.439,18,4,PC_0251;PC_0615;PC_0766;PC_1185,AT5G43900;AT5G43910;AT5G43920;AT5G43930;AT5G43935;AT5G43940;AT5G43950;AT5G43960;AT5G43970;AT5G43980;AT5G43990;AT5G44000;AT5G44005;AT5G44010;AT5G44020;AT5G44030;AT5G44040;AT5G44050
control,positive,LocusPC_841,5,21831518,21854117,53775,53820,8.074,7,21,PC_0200;PC_0208;PC_0227;PC_0250;PC_0254;PC_0270;PC_0277;PC_0281;PC_0291;PC_0297;PC_0306;PC_0326;PC_0355;PC_0383;PC_0816;PC_0857;PC_0865;PC_1127;PC_1191;PC_1489;PC_1744,AT5G53775;AT5G53780;AT5G53790;AT5G53800;AT5G53810;AT5G53815;AT5G53820
control,positive,LocusPC_843,5,21880619,21908666,53895,53960,9.102,10,27,PC_0075;PC_0076;PC_0259;PC_0501;PC_0588;PC_0589;PC_0641;PC_0685;PC_0686;PC_0688;PC_0745;PC_0746;PC_1058;PC_1125;PC_1146;PC_1195;PC_1291;PC_1292;PC_1293;PC_1660;PC_1871;PC_1883;PC_1885;PC_2015;PC_2167;PC_2284;PC_2306,AT5G53895;AT5G53900;AT5G53902;AT5G53905;AT5G53910;AT5G53920;AT5G53930;AT5G53940;AT5G53950;AT5G53960
control,positive,LocusPC_844,5,21928847,22071226,54040,54350,20.387,44,43,PC_0181;PC_0259;PC_0336;PC_0501;PC_0588;PC_0589;PC_0641;PC_0685;PC_0686;PC_0688;PC_0745;PC_0746;PC_1058;PC_1125;PC_1146;PC_1153;PC_1195;PC_1247;PC_1291;PC_1292;PC_1293;PC_1367;PC_1525;PC_1660;PC_1663;PC_1871;PC_1874;PC_1883;PC_1885;PC_1892;PC_1903;PC_1915;PC_1924;PC_1929;PC_2015;PC_2167;PC_2284;PC_2286;PC_2300;PC_2306;PC_2316;PC_2318;PC_2418,AT5G54040;AT5G54045;AT5G54050;AT5G54060;AT5G54062;AT5G54064;AT5G54067;AT5G54070;AT5G54075;AT5G54080;AT5G54090;AT5G54095;AT5G54100;AT5G54110;AT5G54130;AT5G54140;AT5G54145;AT5G54148;AT5G54150;AT5G54160;AT5G54165;AT5G54170;AT5G54180;AT5G54190;AT5G54200;AT5G54203;AT5G54206;AT5G54210;AT5G54215;AT5G54220;AT5G54225;AT5G54230;AT5G54240;AT5G54250;AT5G54260;AT5G54270;AT5G54280;AT5G54290;AT5G54300;AT5G54310;AT5G54320;AT5G54330;AT5G54340;AT5G54350
control,positive,LocusPC_852,5,23135525,23206659,57126,57280,9.675,18,16,PC_0583;PC_0791;PC_0828;PC_1021;PC_1255;PC_1264;PC_1304;PC_1363;PC_1444;PC_1490;PC_1576;PC_1626;PC_2172;PC_2192;PC_2267;PC_2296,AT5G57126;AT5G57130;AT5G57140;AT5G57150;AT5G57160;AT5G57170;AT5G57180;AT5G57181;AT5G57190;AT5G57200;AT5G57210;AT5G57220;AT5G57230;AT5G57240;AT5G57250;AT5G57260;AT5G57270;AT5G57280
control,positive,LocusPC_862,5,24557201,24680944,61020,61390,14.428,39,4,PC_0284;PC_0859;PC_1448;PC_2060,AT5G61020;AT5G61030;AT5G61040;AT5G61050;AT5G61060;AT5G61070;AT5G61090;AT5G61100;AT5G61110;AT5G61120;AT5G61130;AT5G61140;AT5G61150;AT5G61160;AT5G61170;AT5G61180;AT5G61190;AT5G61200;AT5G61210;AT5G61220;AT5G61228;AT5G61230;AT5G61240;AT5G61250;AT5G61260;AT5G61270;AT5G61280;AT5G61290;AT5G61300;AT5G61310;AT5G61320;AT5G61330;AT5G61340;AT5G61345;AT5G61350;AT5G61360;AT5G61370;AT5G61380;AT5G61390
control,positive,LocusPC_868,5,25433154,25486062,63530,63660,9.041,16,42,PC_0200;PC_0208;PC_0220;PC_0226;PC_0227;PC_0236;PC_0241;PC_0250;PC_0254;PC_0256;PC_0270;PC_0277;PC_0279;PC_0281;PC_0291;PC_0293;PC_0297;PC_0298;PC_0306;PC_0326;PC_0329;PC_0332;PC_0333;PC_0355;PC_0359;PC_0374;PC_0383;PC_0461;PC_0771;PC_0816;PC_0857;PC_0865;PC_0904;PC_0967;PC_1127;PC_1191;PC_1457;PC_1489;PC_1780;PC_1962;PC_1973;PC_2058,AT5G63530;AT5G63540;AT5G63550;AT5G63560;AT5G63570;AT5G63580;AT5G63590;AT5G63595;AT5G63600;AT5G63610;AT5G63620;AT5G63630;AT5G63634;AT5G63640;AT5G63650;AT5G63660
control,negative,LocusNC_11,1,996115,1049297,3910,4050,9.498,17,1,NC_1736,AT1G03910;AT1G03920;AT1G03930;AT1G03935;AT1G03940;AT1G03950;AT1G03960;AT1G03970;AT1G03980;AT1G03982;AT1G03990;AT1G04000;AT1G04010;AT1G04020;AT1G04030;AT1G04040;AT1G04050
control,negative,LocusNC_17,1,1955413,2081939,6410,6770,11.487,39,4,NC_0596;NC_2565;NC_2810;NC_3142,AT1G06410;AT1G06420;AT1G06430;AT1G06440;AT1G06450;AT1G06460;AT1G06470;AT1G06475;AT1G06480;AT1G06490;AT1G06500;AT1G06515;AT1G06510;AT1G06520;AT1G06530;AT1G06540;AT1G06550;AT1G06560;AT1G06570;AT1G06580;AT1G06590;AT1G06610;AT1G06620;AT1G06630;AT1G06640;AT1G06645;AT1G06650;AT1G06660;AT1G06670;AT1G06680;AT1G06690;AT1G06700;AT1G06710;AT1G06720;AT1G06730;AT1G06740;AT1G06750;AT1G06760;AT1G06770
control,negative,LocusNC_23,1,3041996,3094864,9430,9560,17.078,16,6,NC_0768;NC_1238;NC_1332;NC_1333;NC_1412;NC_1566,AT1G09430;AT1G09440;AT1G09450;AT1G09460;AT1G09470;AT1G09480;AT1G09483;AT1G09486;AT1G09490;AT1G09500;AT1G09510;AT1G09520;AT1G09530;AT1G09540;AT1G09550;AT1G09560
control,negative,LocusNC_37,1,4788559,4854307,13980,14190,14.669,25,5,NC_0729;NC_1169;NC_1295;NC_1545;NC_1609,AT1G13980;AT1G13990;AT1G14000;AT1G14010;AT1G14020;AT1G14030;AT1G14040;AT1G14048;AT1G14060;AT1G14070;AT1G14071;AT1G14080;AT1G14090;AT1G14100;AT1G14110;AT1G14120;AT1G14130;AT1G14140;AT1G14150;AT1G14160;AT1G14170;AT1G14180;AT1G14182;AT1G14185;AT1G14190
control,negative,LocusNC_44,1,5543152,5630995,16190,16490,10.743,33,5,NC_0647;NC_1057;NC_1125;NC_1213;NC_2902,AT1G16190;AT1G16210;AT1G16220;AT1G16225;AT1G16230;AT1G16240;AT1G16250;AT1G16260;AT1G16270;AT1G16280;AT1G16290;AT1G16300;AT1G16310;AT1G16320;AT1G16330;AT1G16340;AT1G16350;AT1G16360;AT1G16370;AT1G16380;AT1G16390;AT1G16400;AT1G16410;AT1G16420;AT1G16430;AT1G16440;AT1G16445;AT1G16450;AT1G16460;AT1G16470;AT1G16480;AT1G16489;AT1G16490
control,negative,LocusNC_45,1,5673795,5727312,16590,16730,9.051,16,6,NC_0474;NC_1057;NC_1654;NC_2494;NC_2504;NC_2902,AT1G16590;AT1G16600;AT1G16610;AT1G16620;AT1G16630;AT1G16640;AT1G16650;AT1G16660;AT1G16670;AT1G16680;AT1G16690;AT1G16700;AT1G16705;AT1G16710;AT1G16720;AT1G16730
control,negative,LocusNC_57,1,7078898,7149977,20410,20630,10.441,25,2,NC_1017;NC_1686,AT1G20410;AT1G20420;AT1G20430;AT1G20440;AT1G20450;AT1G20460;AT1G20470;AT1G20480;AT1G20490;AT1G20500;AT1G20510;AT1G20515;AT1G20520;AT1G20530;AT1G20540;AT1G20550;AT1G20560;AT1G20570;AT1G20575;AT1G20580;AT1G20590;AT1G20600;AT1G20610;AT1G20620;AT1G20630
control,negative,LocusNC_64,1,7892878,7933390,22350,22470,9.765,13,6,NC_1063;NC_1200;NC_1743;NC_1886;NC_1917;NC_1918,AT1G22350;AT1G22360;AT1G22370;AT1G22380;AT1G22400;AT1G22403;AT1G22410;AT1G22420;AT1G22430;AT1G22440;AT1G22450;AT1G22460;AT1G22470
control,negative,LocusNC_186,1,22168502,22290315,60110,60490,17.065,38,31,NC_0002;NC_0160;NC_0288;NC_0304;NC_1310;NC_1686;NC_1966;NC_2023;NC_2025;NC_2026;NC_2084;NC_2101;NC_2106;NC_2195;NC_2215;NC_2221;NC_2308;NC_2330;NC_2374;NC_2390;NC_2411;NC_2474;NC_2475;NC_2489;NC_2521;NC_2522;NC_2635;NC_2725;NC_2899;NC_3241;NC_3297,AT1G60110;AT1G60120;AT1G60130;AT1G60140;AT1G60150;AT1G60160;AT1G60170;AT1G60180;AT1G60190;AT1G60200;AT1G60220;AT1G60230;AT1G60240;AT1G60250;AT1G60260;AT1G60270;AT1G60280;AT1G60290;AT1G60300;AT1G60310;AT1G60320;AT1G60330;AT1G60340;AT1G60350;AT1G60360;AT1G60370;AT1G60380;AT1G60390;AT1G60400;AT1G60410;AT1G60420;AT1G60430;AT1G60440;AT1G60450;AT1G60460;AT1G60470;AT1G60480;AT1G60490
control,negative,LocusNC_254,1,28661884,28747845,76405,76600,11.074,21,2,NC_0482;NC_0620,AT1G76405;AT1G76410;AT1G76420;AT1G76430;AT1G76440;AT1G76450;AT1G76460;AT1G76470;AT1G76480;AT1G76490;AT1G76500;AT1G76510;AT1G76520;AT1G76530;AT1G76540;AT1G76550;AT1G76560;AT1G76570;AT1G76580;AT1G76590;AT1G76600
control,negative,LocusNC_261,1,29601253,29625078,78710,78790,11.439,9,2,NC_0948;NC_2228,AT1G78710;AT1G78720;AT1G78730;AT1G78740;AT1G78750;AT1G78760;AT1G78770;AT1G78780;AT1G78790
control,negative,LocusNC_262,1,29625659,29688673,78800,78950,10.249,21,2,NC_0948;NC_2228,AT1G78800;AT1G78810;AT1G78815;AT1G78820;AT1G78830;AT1G78840;AT1G78850;AT1G78860;AT1G78870;AT1G78880;AT1G78882;AT1G78890;AT1G78895;AT1G78900;AT1G78910;AT1G78915;AT1G78920;AT1G78922;AT1G78930;AT1G78940;AT1G78950
control,negative,LocusNC_263,1,29736016,29760704,79040,79110,11.412,9,1,NC_0948,AT1G79040;AT1G79050;AT1G79060;AT1G79070;AT1G79075;AT1G79080;AT1G79090;AT1G79100;AT1G79110
control,negative,LocusNC_342,2,7285736,7347408,16800,16940,14.975,20,17,NC_1258;NC_1730;NC_1844;NC_1881;NC_2321;NC_2352;NC_2392;NC_2435;NC_2446;NC_2460;NC_2487;NC_2493;NC_2540;NC_2543;NC_2545;NC_2862;NC_2937,AT2G16800;AT2G16810;AT2G16820;AT2G16830;AT2G16832;AT2G16835;AT2G16840;AT2G16850;AT2G16860;AT2G16870;AT2G16880;AT2G16881;AT2G16890;AT2G16895;AT2G16900;AT2G16905;AT2G16910;AT2G16920;AT2G16930;AT2G16940
control,negative,LocusNC_365,2,9572796,9610595,22530,22620,8.047,9,6,NC_1946;NC_2046;NC_2277;NC_2407;NC_2454;NC_2464,AT2G22530;AT2G22540;AT2G22560;AT2G22570;AT2G22580;AT2G22590;AT2G22600;AT2G22610;AT2G22620
control,negative,LocusNC_366,2,9645313,9932319,22680,23330,20.431,82,31,NC_0032;NC_0151;NC_0314;NC_0364;NC_0593;NC_0641;NC_0642;NC_1029;NC_1099;NC_1105;NC_1313;NC_1459;NC_1900;NC_1945;NC_1946;NC_1947;NC_1949;NC_1950;NC_1952;NC_1981;NC_2039;NC_2044;NC_2046;NC_2276;NC_2277;NC_2305;NC_2407;NC_2454;NC_2464;NC_2482;NC_2644,AT2G22680;AT2G22690;AT2G22710;AT2G22720;AT2G22730;AT2G22740;AT2G22750;AT2G22760;AT2G22770;AT2G22780;AT2G22790;AT2G22795;AT2G22800;AT2G22802;AT2G22805;AT2G22807;AT2G22810;AT2G22820;AT2G22821;AT2G22830;AT2G22840;AT2G22850;AT2G22860;AT2G22870;AT2G22880;AT2G22890;AT2G22900;AT2G22905;AT2G22910;AT2G22920;AT2G22930;AT2G22940;AT2G22941;AT2G22942;AT2G22950;AT2G22955;AT2G22960;AT2G22970;AT2G22980;AT2G22990;AT2G23000;AT2G23010;AT2G23020;AT2G23030;AT2G23040;AT2G23050;AT2G23060;AT2G23067;AT2G23070;AT2G23080;AT2G23090;AT2G23093;AT2G23096;AT2G23100;AT2G23110;AT2G23118;AT2G23120;AT2G23130;AT2G23140;AT2G23142;AT2G23148;AT2G23149;AT2G23150;AT2G23160;AT2G23170;AT2G23171;AT2G23180;AT2G23190;AT2G23200;AT2G23210;AT2G23220;AT2G23230;AT2G23240;AT2G23250;AT2G23260;AT2G23270;AT2G23290;AT2G23300;AT2G23310;AT2G23320;AT2G23321;AT2G23330
control,negative,LocusNC_367,2,9937998,10036000,23340,23590,10.142,28,17,NC_0641;NC_0642;NC_1099;NC_1900;NC_1945;NC_1946;NC_1947;NC_1949;NC_1950;NC_1952;NC_2039;NC_2044;NC_2277;NC_2411;NC_2454;NC_2464;NC_2482,AT2G23340;AT2G23348;AT2G23347;AT2G23350;AT2G23360;AT2G23370;AT2G23380;AT2G23390;AT2G23400;AT2G23410;AT2G23420;AT2G23430;AT2G23440;AT2G23450;AT2G23460;AT2G23470;AT2G23480;AT2G23490;AT2G23500;AT2G23510;AT2G23520;AT2G23530;AT2G23540;AT2G23550;AT2G23560;AT2G23570;AT2G23580;AT2G23590
control,negative,LocusNC_383,2,10899443,10955377,25605,25710,8.075,16,4,NC_1188;NC_1712;NC_2214;NC_2623,AT2G25605;AT2G25610;AT2G25620;AT2G25625;AT2G25630;AT2G25640;AT2G25650;AT2G25660;AT2G25670;AT2G25680;AT2G25685;AT2G25687;AT2G25690;AT2G25697;AT2G25700;AT2G25710
control,negative,LocusNC_413,2,14639323,14716634,34710,34880,9.114,20,1,NC_2552,AT2G34710;AT2G34720;AT2G34730;AT2G34740;AT2G34750;AT2G34760;AT2G34770;AT2G34780;AT2G34790;AT2G34800;AT2G34810;AT2G34820;AT2G34825;AT2G34830;AT2G34835;AT2G34840;AT2G34850;AT2G34860;AT2G34870;AT2G34880
control,negative,LocusNC_441,2,18839586,18914739,45740,45970,18.948,24,14,NC_0076;NC_0110;NC_0147;NC_2558;NC_2917;NC_2918;NC_2919;NC_3115;NC_3228;NC_3259;NC_3317;NC_3318;NC_3328;NC_3329,AT2G45740;AT2G45750;AT2G45760;AT2G45770;AT2G45780;AT2G45790;AT2G45800;AT2G45810;AT2G45820;AT2G45830;AT2G45840;AT2G45850;AT2G45860;AT2G45870;AT2G45880;AT2G45890;AT2G45900;AT2G45910;AT2G45920;AT2G45930;AT2G45940;AT2G45950;AT2G45960;AT2G45970
control,negative,LocusNC_462,3,761310,876800,3270,3620,9.64,41,14,NC_0018;NC_0744;NC_1140;NC_1887;NC_2059;NC_2103;NC_2144;NC_2168;NC_2448;NC_2590;NC_2591;NC_2592;NC_2684;NC_3047,AT3G03270;AT3G03272;AT3G03280;AT3G03290;AT3G03300;AT3G03305;AT3G03310;AT3G03320;AT3G03330;AT3G03340;AT3G03341;AT3G03350;AT3G03356;AT3G03360;AT3G03370;AT3G03380;AT3G03400;AT3G03405;AT3G03410;AT3G03420;AT3G03430;AT3G03440;AT3G03450;AT3G03456;AT3G03460;AT3G03470;AT3G03480;AT3G03490;AT3G03500;AT3G03510;AT3G03520;AT3G03530;AT3G03540;AT3G03550;AT3G03560;AT3G03570;AT3G03580;AT3G03590;AT3G03600;AT3G03610;AT3G03620
control,negative,LocusNC_473,3,3239180,3256439,10420,10460,8.91,6,2,NC_2503;NC_2967,AT3G10420;AT3G10430;AT3G10439;AT3G10440;AT3G10450;AT3G10460
control,negative,LocusNC_518,3,7621569,7691504,21650,21820,26.052,22,18,NC_0803;NC_0973;NC_1296;NC_1297;NC_1452;NC_1453;NC_1630;NC_1715;NC_1905;NC_2246;NC_2249;NC_2318;NC_3006;NC_3031;NC_3077;NC_3092;NC_3093;NC_3257,AT3G21650;AT3G21660;AT3G21670;AT3G21680;AT3G21690;AT3G21700;AT3G21710;AT3G21720;AT3G21730;AT3G21740;AT3G21750;AT3G21755;AT3G21760;AT3G21770;AT3G21780;AT3G21781;AT3G21790;AT3G21791;AT3G21800;AT3G21805;AT3G21810;AT3G21820
control,negative,LocusNC_521,3,7887286,7941564,22310,22415,8.205,12,4,NC_2231;NC_2318;NC_2436;NC_3093,AT3G22310;AT3G22320;AT3G22330;AT3G22340;AT3G22345;AT3G22350;AT3G22360;AT3G22370;AT3G22380;AT3G22400;AT3G22410;AT3G22415
control,negative,LocusNC_586,3,12677228,12711435,31310,31356,8.216,10,3,NC_0398;NC_0946;NC_1052,AT3G31310;AT3G31312;AT3G31314;AT3G31317;AT3G31320;AT3G31330;AT3G31340;AT3G31350;AT3G31355;AT3G31356
control,negative,LocusNC_593,3,13424905,13462417,32895,32904,10.121,10,5,NC_0398;NC_0512;NC_1052;NC_1183;NC_1498,AT3G32896;AT3G32902;AT3G32903;AT3G32895;AT3G32897;AT3G32898;AT3G32899;AT3G32904;AT3G32901;AT3G32900
control,negative,LocusNC_614,3,15506774,15539418,43583,43630,8.535,10,1,NC_0963,AT3G43583;AT3G43586;AT3G43590;AT3G43600;AT3G43610;AT3G43620;AT3G43622;AT3G43623;AT3G43625;AT3G43630
control,negative,LocusNC_667,3,20620443,20738913,55600,55880,11.719,37,6,NC_0473;NC_0771;NC_0814;NC_0823;NC_0969;NC_2252,AT3G55600;AT3G55605;AT3G55610;AT3G55620;AT3G55630;AT3G55640;AT3G55646;AT3G55650;AT3G55660;AT3G55665;AT3G55670;AT3G55672;AT3G55677;AT3G55680;AT3G55690;AT3G55700;AT3G55710;AT3G55720;AT3G55730;AT3G55734;AT3G55735;AT3G55740;AT3G55750;AT3G55760;AT3G55770;AT3G55780;AT3G55790;AT3G55795;AT3G55800;AT3G55810;AT3G55820;AT3G55830;AT3G55840;AT3G55850;AT3G55860;AT3G55870;AT3G55880
control,negative,LocusNC_685,3,22298578,22348239,60330,60480,8.256,15,6,NC_1214;NC_1600;NC_1688;NC_1689;NC_2291;NC_2303,AT3G60330;AT3G60340;AT3G60350;AT3G60360;AT3G60370;AT3G60380;AT3G60390;AT3G60400;AT3G60410;AT3G60420;AT3G60440;AT3G60450;AT3G60460;AT3G60470;AT3G60480
control,negative,LocusNC_691,3,23190267,23230501,62700,62820,13.044,15,3,NC_2421;NC_2477;NC_2900,AT3G62700;AT3G62710;AT3G62720;AT3G62725;AT3G62730;AT3G62735;AT3G62740;AT3G62750;AT3G62760;AT3G62770;AT3G62780;AT3G62790;AT3G62800;AT3G62810;AT3G62820
control,negative,LocusNC_696,4,349116,367274,820,880,9.418,8,1,NC_1498,AT4G00820;AT4G00830;AT4G00840;AT4G00850;AT4G00860;AT4G00870;AT4G00872;AT4G00880
control,negative,LocusNC_707,4,1159667,1456751,2660,3300,34.342,84,109,NC_0058;NC_0389;NC_0393;NC_0424;NC_0442;NC_0445;NC_0458;NC_0490;NC_0531;NC_0545;NC_0551;NC_0552;NC_0570;NC_0583;NC_0612;NC_0686;NC_0688;NC_0709;NC_0725;NC_0726;NC_0754;NC_0766;NC_0778;NC_0779;NC_0869;NC_0885;NC_0915;NC_0933;NC_0950;NC_0956;NC_0971;NC_0972;NC_0986;NC_1000;NC_1025;NC_1040;NC_1048;NC_1055;NC_1066;NC_1068;NC_1074;NC_1111;NC_1120;NC_1121;NC_1122;NC_1142;NC_1178;NC_1206;NC_1211;NC_1292;NC_1305;NC_1336;NC_1345;NC_1346;NC_1347;NC_1351;NC_1357;NC_1384;NC_1396;NC_1402;NC_1417;NC_1440;NC_1469;NC_1473;NC_1483;NC_1538;NC_1583;NC_1631;NC_1644;NC_1666;NC_1705;NC_1779;NC_1785;NC_1843;NC_1866;NC_1885;NC_1890;NC_1977;NC_2000;NC_2020;NC_2038;NC_2053;NC_2148;NC_2170;NC_2188;NC_2213;NC_2257;NC_2314;NC_2362;NC_2403;NC_2408;NC_2412;NC_2459;NC_2524;NC_2620;NC_2623;NC_2796;NC_2834;NC_2853;NC_2908;NC_2966;NC_2977;NC_3011;NC_3028;NC_3035;NC_3057;NC_3111;NC_3205;NC_3258,AT4G02660;AT4G02670;AT4G02680;AT4G02690;AT4G02700;AT4G02710;AT4G02715;AT4G02720;AT4G02725;AT4G02730;AT4G02733;AT4G02740;AT4G02750;AT4G02760;AT4G02770;AT4G02780;AT4G02790;AT4G02800;AT4G02810;AT4G02820;AT4G02830;AT4G02840;AT4G02850;AT4G02860;AT4G02870;AT4G02871;AT4G02880;AT4G02890;AT4G02900;AT4G02910;AT4G02920;AT4G02930;AT4G02940;AT4G02950;AT4G02960;AT4G02970;AT4G02980;AT4G02990;AT4G03000;AT4G03010;AT4G03020;AT4G03030;AT4G03038;AT4G03039;AT4G03040;AT4G03050;AT4G03060;AT4G03063;AT4G03070;AT4G03080;AT4G03090;AT4G03100;AT4G03110;AT4G03115;AT4G03113;AT4G03120;AT4G03130;AT4G03135;AT4G03140;AT4G03150;AT4G03153;AT4G03156;AT4G03160;AT4G03165;AT4G03170;AT4G03175;AT4G03180;AT4G03190;AT4G03200;AT4G03205;AT4G03210;AT4G03220;AT4G03230;AT4G03240;AT4G03250;AT4G03260;AT4G03270;AT4G03280;AT4G03285;AT4G03290;AT4G03292;AT4G03295;AT4G03298;AT4G03300
control,negative,LocusNC_708,4,1457798,1559428,3305,3510,14.53,33,31,NC_0424;NC_0458;NC_0531;NC_0551;NC_0583;NC_0625;NC_0686;NC_0725;NC_0726;NC_0869;NC_0915;NC_0972;NC_0986;NC_1048;NC_1066;NC_1074;NC_1111;NC_1170;NC_1336;NC_1345;NC_1347;NC_1351;NC_1357;NC_1473;NC_1666;NC_1779;NC_1785;NC_1885;NC_2362;NC_2620;NC_2623,AT4G03305;AT4G03310;AT4G03320;AT4G03330;AT4G03340;AT4G03350;AT4G03360;AT4G03364;AT4G03370;AT4G03376;AT4G03380;AT4G03390;AT4G03400;AT4G03410;AT4G03405;AT4G03415;AT4G03420;AT4G03430;AT4G03435;AT4G03437;AT4G03438;AT4G03440;AT4G03443;AT4G03445;AT4G03450;AT4G03455;AT4G03460;AT4G03470;AT4G03480;AT4G03490;AT4G03500;AT4G03505;AT4G03510
control,negative,LocusNC_709,4,1562359,1624141,3520,3650,8.496,17,11,NC_0583;NC_0686;NC_0725;NC_0972;NC_1040;NC_1357;NC_1666;NC_2620;NC_2623;NC_2846;NC_3093,AT4G03520;AT4G03530;AT4G03540;AT4G03550;AT4G03560;AT4G03565;AT4G03566;AT4G03570;AT4G03580;AT4G03590;AT4G03600;AT4G03610;AT4G03620;AT4G03630;AT4G03635;AT4G03640;AT4G03650
control,negative,LocusNC_738,4,6010997,6037937,9470,9545,10.879,9,5,NC_0734;NC_1422;NC_2138;NC_2653;NC_3179,AT4G09470;AT4G09480;AT4G09490;AT4G09500;AT4G09510;AT4G09520;AT4G09530;AT4G09540;AT4G09545
control,negative,LocusNC_759,4,7254049,7380151,12110,12440,20.494,43,13,NC_0012;NC_0650;NC_1065;NC_1106;NC_1107;NC_1109;NC_1236;NC_1274;NC_1319;NC_1323;NC_1454;NC_1455;NC_1962,AT4G12110;AT4G12115;AT4G12120;AT4G12130;AT4G12135;AT4G12140;AT4G12150;AT4G12160;AT4G12170;AT4G12180;AT4G12190;AT4G12200;AT4G12210;AT4G12220;AT4G12230;AT4G12240;AT4G12250;AT4G12260;AT4G12270;AT4G12275;AT4G12280;AT4G12290;AT4G12300;AT4G12310;AT4G12320;AT4G12330;AT4G12334;AT4G12340;AT4G12350;AT4G12360;AT4G12370;AT4G12380;AT4G12382;AT4G12390;AT4G12400;AT4G12405;AT4G12410;AT4G12420;AT4G12423;AT4G12426;AT4G12430;AT4G12432;AT4G12440
control,negative,LocusNC_771,4,8817031,8864618,15415,15520,9.13,14,4,NC_1790;NC_1795;NC_1869;NC_3417,AT4G15415;AT4G15417;AT4G15420;AT4G15430;AT4G15440;AT4G15450;AT4G15460;AT4G15470;AT4G15475;AT4G15480;AT4G15490;AT4G15500;AT4G15510;AT4G15520
control,negative,LocusNC_778,4,9372477,9437168,16650,16770,18.529,16,17,NC_1188;NC_1227;NC_1228;NC_1363;NC_1368;NC_1668;NC_2103;NC_2340;NC_2448;NC_2591;NC_2650;NC_2684;NC_2717;NC_2808;NC_2816;NC_2845;NC_3093,AT4G16650;AT4G16660;AT4G16670;AT4G16680;AT4G16690;AT4G16695;AT4G16700;AT4G16710;AT4G16720;AT4G16730;AT4G16740;AT4G16745;AT4G16750;AT4G16760;AT4G16765;AT4G16770
control,negative,LocusNC_827,4,13718679,13780954,27430,27597,11.733,21,37,NC_0002;NC_0004;NC_0014;NC_0015;NC_0240;NC_0288;NC_0297;NC_0375;NC_1310;NC_1854;NC_1963;NC_1966;NC_1968;NC_2023;NC_2101;NC_2215;NC_2221;NC_2308;NC_2330;NC_2335;NC_2374;NC_2411;NC_2415;NC_2418;NC_2471;NC_2509;NC_2527;NC_2538;NC_2594;NC_2640;NC_2663;NC_2732;NC_2776;NC_2818;NC_2900;NC_3041;NC_3241,AT4G27430;AT4G27435;AT4G27440;AT4G27450;AT4G27460;AT4G27470;AT4G27480;AT4G27490;AT4G27500;AT4G27510;AT4G27520;AT4G27530;AT4G27540;AT4G27550;AT4G27560;AT4G27570;AT4G27580;AT4G27585;AT4G27590;AT4G27595;AT4G27597
control,negative,LocusNC_851,4,17572040,17640665,37380,37540,12.346,21,16,NC_0880;NC_1428;NC_1489;NC_1558;NC_1562;NC_1722;NC_1760;NC_2037;NC_2135;NC_2159;NC_2339;NC_2777;NC_2997;NC_3034;NC_3068;NC_3113,AT4G37380;AT4G37390;AT4G37400;AT4G37409;AT4G37410;AT4G37420;AT4G37430;AT4G37432;AT4G37440;AT4G37445;AT4G37450;AT4G37460;AT4G37470;AT4G37480;AT4G37483;AT4G37490;AT4G37500;AT4G37510;AT4G37520;AT4G37530;AT4G37540
control,negative,LocusNC_856,4,17872740,17950522,38052,38320,10.718,30,2,NC_0907;NC_3194,AT4G38052;AT4G38060;AT4G38070;AT4G38080;AT4G38090;AT4G38092;AT4G38100;AT4G38120;AT4G38130;AT4G38140;AT4G38150;AT4G38160;AT4G38170;AT4G38180;AT4G38190;AT4G38200;AT4G38210;AT4G38215;AT4G38220;AT4G38225;AT4G38230;AT4G38240;AT4G38250;AT4G38260;AT4G38270;AT4G38280;AT4G38290;AT4G38300;AT4G38310;AT4G38320
control,negative,LocusNC_876,5,767489,950171,3220,3670,17.959,59,32,NC_0461;NC_0462;NC_0596;NC_0671;NC_0704;NC_0705;NC_0707;NC_0788;NC_0790;NC_0791;NC_0795;NC_0957;NC_1037;NC_1058;NC_1086;NC_1171;NC_1231;NC_1248;NC_1302;NC_1308;NC_1380;NC_1398;NC_1421;NC_1494;NC_1675;NC_1880;NC_1962;NC_2201;NC_2220;NC_2575;NC_2576;NC_2710,AT5G03220;AT5G03230;AT5G03240;AT5G03250;AT5G03260;AT5G03270;AT5G03280;AT5G03285;AT5G03290;AT5G03300;AT5G03310;AT5G03320;AT5G03330;AT5G03340;AT5G03345;AT5G03350;AT5G03360;AT5G03377;AT5G03370;AT5G03380;AT5G03390;AT5G03400;AT5G03406;AT5G03415;AT5G03420;AT5G03430;AT5G03435;AT5G03440;AT5G03445;AT5G03450;AT5G03452;AT5G03455;AT5G03460;AT5G03470;AT5G03480;AT5G03490;AT5G03495;AT5G03500;AT5G03510;AT5G03520;AT5G03530;AT5G03540;AT5G03545;AT5G03550;AT5G03552;AT5G03555;AT5G03560;AT5G03570;AT5G03580;AT5G03590;AT5G03600;AT5G03610;AT5G03620;AT5G03630;AT5G03640;AT5G03650;AT5G03660;AT5G03668;AT5G03670
control,negative,LocusNC_881,5,1150892,1228611,4190,4360,12.511,22,5,NC_0410;NC_0573;NC_1036;NC_2543;NC_2993,AT5G04190;AT5G04200;AT5G04210;AT5G04220;AT5G04230;AT5G04235;AT5G04238;AT5G04240;AT5G04250;AT5G04260;AT5G04267;AT5G04270;AT5G04275;AT5G04280;AT5G04290;AT5G04310;AT5G04320;AT5G04330;AT5G04340;AT5G04347;AT5G04350;AT5G04360
control,negative,LocusNC_882,5,1241555,1263862,4400,4460,9.165,6,3,NC_0410;NC_0573;NC_1036,AT5G04400;AT5G04410;AT5G04420;AT5G04430;AT5G04440;AT5G04460
control,negative,LocusNC_930,5,5454801,5685597,16630,17270,26.442,70,8,NC_1032;NC_1218;NC_1223;NC_1238;NC_1965;NC_2224;NC_2472;NC_2741,AT5G16630;AT5G16640;AT5G16650;AT5G16660;AT5G16680;AT5G16690;AT5G16700;AT5G16710;AT5G16715;AT5G16720;AT5G16730;AT5G16740;AT5G16750;AT5G16760;AT5G16770;AT5G16780;AT5G16790;AT5G16800;AT5G16810;AT5G16820;AT5G16830;AT5G16840;AT5G16850;AT5G16860;AT5G16870;AT5G16880;AT5G16890;AT5G16900;AT5G16910;AT5G16920;AT5G16930;AT5G16940;AT5G16950;AT5G16960;AT5G16970;AT5G16980;AT5G16990;AT5G17000;AT5G17010;AT5G17020;AT5G17030;AT5G17040;AT5G17050;AT5G17060;AT5G17070;AT5G17073;AT5G17080;AT5G17090;AT5G17100;AT5G17110;AT5G17120;AT5G17125;AT5G17130;AT5G17140;AT5G17150;AT5G17160;AT5G17165;AT5G17170;AT5G17180;AT5G17190;AT5G17200;AT5G17210;AT5G17220;AT5G17230;AT5G17233;AT5G17240;AT5G17250;AT5G17260;AT5G17262;AT5G17270
control,negative,LocusNC_944,5,6709734,6786664,19850,20080,8.653,27,17,NC_0129;NC_0206;NC_0231;NC_0233;NC_0259;NC_0294;NC_0322;NC_0340;NC_0471;NC_0640;NC_1635;NC_2320;NC_2548;NC_2675;NC_2758;NC_3162;NC_3314,AT5G19850;AT5G19855;AT5G19860;AT5G19870;AT5G19875;AT5G19880;AT5G19890;AT5G19900;AT5G19910;AT5G19920;AT5G19930;AT5G19940;AT5G19950;AT5G19960;AT5G19970;AT5G19980;AT5G19990;AT5G20000;AT5G20010;AT5G20020;AT5G20030;AT5G20040;AT5G20045;AT5G20050;AT5G20060;AT5G20070;AT5G20080
control,negative,LocusNC_956,5,7383629,7410102,22310,22380,9.786,10,23,NC_0424;NC_0873;NC_1047;NC_1182;NC_1336;NC_1346;NC_1425;NC_1430;NC_1474;NC_1484;NC_1539;NC_1756;NC_1844;NC_1890;NC_2038;NC_2059;NC_2151;NC_2209;NC_3028;NC_3035;NC_3040;NC_3064;NC_3111,AT5G22310;AT5G22315;AT5G22320;AT5G22330;AT5G22340;AT5G22350;AT5G22355;AT5G22360;AT5G22370;AT5G22380
control,negative,LocusNC_959,5,7515217,7815882,22610,23212,17.165,71,139,NC_0207;NC_0389;NC_0393;NC_0404;NC_0424;NC_0442;NC_0546;NC_0554;NC_0583;NC_0625;NC_0699;NC_0727;NC_0742;NC_0767;NC_0775;NC_0776;NC_0810;NC_0821;NC_0859;NC_0873;NC_0885;NC_0892;NC_0895;NC_0914;NC_0917;NC_0927;NC_0936;NC_0950;NC_0984;NC_0985;NC_0988;NC_1047;NC_1048;NC_1056;NC_1066;NC_1074;NC_1122;NC_1126;NC_1143;NC_1172;NC_1181;NC_1182;NC_1201;NC_1229;NC_1242;NC_1243;NC_1255;NC_1260;NC_1276;NC_1277;NC_1278;NC_1284;NC_1326;NC_1334;NC_1336;NC_1340;NC_1341;NC_1346;NC_1347;NC_1349;NC_1370;NC_1371;NC_1383;NC_1384;NC_1393;NC_1396;NC_1397;NC_1403;NC_1424;NC_1425;NC_1430;NC_1433;NC_1434;NC_1435;NC_1440;NC_1459;NC_1473;NC_1474;NC_1482;NC_1484;NC_1485;NC_1492;NC_1495;NC_1506;NC_1534;NC_1538;NC_1539;NC_1553;NC_1583;NC_1602;NC_1611;NC_1612;NC_1613;NC_1621;NC_1631;NC_1639;NC_1644;NC_1687;NC_1698;NC_1703;NC_1705;NC_1717;NC_1756;NC_1764;NC_1769;NC_1785;NC_1806;NC_1843;NC_1942;NC_1992;NC_2053;NC_2081;NC_2209;NC_2214;NC_2236;NC_2240;NC_2302;NC_2362;NC_2402;NC_2432;NC_2459;NC_2585;NC_2595;NC_2620;NC_2623;NC_2690;NC_2977;NC_2983;NC_3028;NC_3035;NC_3039;NC_3046;NC_3064;NC_3074;NC_3111;NC_3167;NC_3190;NC_3205;NC_3421,AT5G22610;AT5G22620;AT5G22630;AT5G22640;AT5G22650;AT5G22660;AT5G22670;AT5G22680;AT5G22690;AT5G22700;AT5G22710;AT5G22720;AT5G22730;AT5G22740;AT5G22750;AT5G22760;AT5G22770;AT5G22780;AT5G22790;AT5G22788;AT5G22791;AT5G22792;AT5G22794;AT5G22800;AT5G22810;AT5G22820;AT5G22830;AT5G22840;AT5G22850;AT5G22860;AT5G22870;AT5G22875;AT5G22880;AT5G22890;AT5G22900;AT5G22910;AT5G22920;AT5G22930;AT5G22940;AT5G22950;AT5G22960;AT5G22970;AT5G22980;AT5G22990;AT5G23000;AT5G23010;AT5G23020;AT5G23027;AT5G23030;AT5G23035;AT5G23040;AT5G23050;AT5G23060;AT5G23065;AT5G23070;AT5G23080;AT5G23090;AT5G23100;AT5G23110;AT5G23120;AT5G23130;AT5G23140;AT5G23150;AT5G23155;AT5G23160;AT5G23170;AT5G23180;AT5G23190;AT5G23200;AT5G23210;AT5G23212
control,negative,LocusNC_960,5,7825882,7909585,23230,23450,8.439,28,37,NC_0389;NC_0393;NC_0424;NC_0442;NC_0583;NC_0667;NC_0873;NC_0933;NC_1025;NC_1047;NC_1182;NC_1260;NC_1277;NC_1334;NC_1336;NC_1346;NC_1370;NC_1425;NC_1474;NC_1484;NC_1534;NC_1539;NC_1553;NC_1756;NC_1844;NC_1890;NC_2038;NC_2044;NC_2151;NC_2209;NC_2990;NC_2998;NC_3028;NC_3035;NC_3040;NC_3064;NC_3111,AT5G23230;AT5G23235;AT5G23240;AT5G23250;AT5G23260;AT5G23270;AT5G23280;AT5G23290;AT5G23300;AT5G23310;AT5G23320;AT5G23330;AT5G23340;AT5G23350;AT5G23360;AT5G23370;AT5G23380;AT5G23390;AT5G23395;AT5G23400;AT5G23405;AT5G23410;AT5G23411;AT5G23413;AT5G23420;AT5G23430;AT5G23440;AT5G23450
control,negative,LocusNC_961,5,7912769,8006630,23460,23730,8.599,28,10,NC_1181;NC_1336;NC_1425;NC_1539;NC_2038;NC_2998;NC_3035;NC_3040;NC_3064;NC_3111,AT5G23460;AT5G23470;AT5G23480;AT5G23490;AT5G23510;AT5G23520;AT5G23530;AT5G23535;AT5G23540;AT5G23550;AT5G23570;AT5G23575;AT5G23580;AT5G23590;AT5G23600;AT5G23610;AT5G23630;AT5G23640;AT5G23650;AT5G23660;AT5G23665;AT5G23670;AT5G23680;AT5G23690;AT5G23700;AT5G23710;AT5G23720;AT5G23730
control,negative,LocusNC_988,5,9974411,10147542,27940,28165,25.367,40,11,NC_0466;NC_0566;NC_0625;NC_0664;NC_0890;NC_1014;NC_2005;NC_2017;NC_2218;NC_2496;NC_2976,AT5G27940;AT5G27944;AT5G27945;AT5G27947;AT5G27950;AT5G27960;AT5G27965;AT5G27967;AT5G27970;AT5G27980;AT5G27990;AT5G28000;AT5G28010;AT5G28020;AT5G28030;AT5G28040;AT5G28050;AT5G28052;AT5G28053;AT5G28056;AT5G28060;AT5G28065;AT5G28067;AT5G28070;AT5G28073;AT5G28076;AT5G28080;AT5G28085;AT5G28090;AT5G28100;AT5G28110;AT5G28120;AT5G28130;AT5G28140;AT5G28141;AT5G28143;AT5G28145;AT5G28150;AT5G28160;AT5G28165
control,negative,LocusNC_1018,5,15090286,15194089,37890,38090,10.858,24,3,NC_1186;NC_1431;NC_1432,AT5G37890;AT5G37900;AT5G37910;AT5G37920;AT5G37930;AT5G37940;AT5G37950;AT5G37960;AT5G37970;AT5G37980;AT5G37990;AT5G38000;AT5G38005;AT5G38010;AT5G38020;AT5G38030;AT5G38035;AT5G38037;AT5G38040;AT5G38050;AT5G38060;AT5G38070;AT5G38080;AT5G38090
control,negative,LocusNC_1051,5,17697858,17726379,43990,44050,13.731,8,1,NC_0485,AT5G43990;AT5G44000;AT5G44005;AT5G44010;AT5G44020;AT5G44030;AT5G44040;AT5G44050
control,negative,LocusNC_1098,5,21876861,21923534,53890,54020,10.64,17,35,NC_0400;NC_0433;NC_0459;NC_0484;NC_0510;NC_0538;NC_0548;NC_0577;NC_0578;NC_0579;NC_0582;NC_0586;NC_0603;NC_0817;NC_0830;NC_0839;NC_0929;NC_0976;NC_1041;NC_1042;NC_1043;NC_1044;NC_1287;NC_1354;NC_1456;NC_1460;NC_1529;NC_1853;NC_1855;NC_1903;NC_2196;NC_2258;NC_2298;NC_2326;NC_2782,AT5G53890;AT5G53895;AT5G53900;AT5G53902;AT5G53905;AT5G53910;AT5G53920;AT5G53930;AT5G53940;AT5G53950;AT5G53960;AT5G53970;AT5G53980;AT5G53990;AT5G54000;AT5G54010;AT5G54020
control,negative,LocusNC_1099,5,21928847,22096079,54040,54420,22.243,53,47,NC_0400;NC_0433;NC_0459;NC_0484;NC_0510;NC_0538;NC_0548;NC_0577;NC_0578;NC_0579;NC_0582;NC_0586;NC_0603;NC_0817;NC_0830;NC_0839;NC_0929;NC_0934;NC_0976;NC_1041;NC_1042;NC_1043;NC_1044;NC_1155;NC_1258;NC_1287;NC_1354;NC_1456;NC_1460;NC_1529;NC_1755;NC_1853;NC_1855;NC_1903;NC_1922;NC_2196;NC_2258;NC_2270;NC_2298;NC_2313;NC_2326;NC_2338;NC_2382;NC_2507;NC_2707;NC_2782;NC_3097,AT5G54040;AT5G54045;AT5G54050;AT5G54060;AT5G54062;AT5G54064;AT5G54067;AT5G54070;AT5G54075;AT5G54080;AT5G54090;AT5G54095;AT5G54100;AT5G54110;AT5G54130;AT5G54140;AT5G54145;AT5G54148;AT5G54150;AT5G54160;AT5G54165;AT5G54170;AT5G54180;AT5G54190;AT5G54200;AT5G54203;AT5G54206;AT5G54210;AT5G54215;AT5G54220;AT5G54225;AT5G54230;AT5G54240;AT5G54250;AT5G54260;AT5G54270;AT5G54280;AT5G54290;AT5G54300;AT5G54310;AT5G54320;AT5G54330;AT5G54340;AT5G54350;AT5G54360;AT5G54365;AT5G54370;AT5G54375;AT5G54380;AT5G54390;AT5G54400;AT5G54410;AT5G54420
control,negative,LocusNC_1111,5,23135525,23203792,57126,57270,8.611,17,18,NC_0862;NC_1478;NC_1488;NC_1508;NC_1509;NC_1512;NC_1561;NC_1721;NC_1759;NC_2036;NC_2158;NC_2996;NC_3033;NC_3038;NC_3061;NC_3067;NC_3073;NC_3112,AT5G57126;AT5G57130;AT5G57140;AT5G57150;AT5G57160;AT5G57170;AT5G57180;AT5G57181;AT5G57190;AT5G57200;AT5G57210;AT5G57220;AT5G57230;AT5G57240;AT5G57250;AT5G57260;AT5G57270
control,negative,LocusNC_1127,5,24515398,24585806,60930,61120,8.943,24,13,NC_0544;NC_0675;NC_0676;NC_0677;NC_0697;NC_0742;NC_0743;NC_0936;NC_1091;NC_1470;NC_1471;NC_1945;NC_3139,AT5G60930;AT5G60940;AT5G60945;AT5G60950;AT5G60960;AT5G60963;AT5G60964;AT5G60966;AT5G60970;AT5G60978;AT5G60980;AT5G60990;AT5G61000;AT5G61010;AT5G61020;AT5G61030;AT5G61040;AT5G61050;AT5G61060;AT5G61070;AT5G61090;AT5G61100;AT5G61110;AT5G61120
control,negative,LocusNC_1128,5,24589999,24721940,61140,61460,17.648,38,18,NC_0544;NC_0675;NC_0676;NC_0677;NC_0697;NC_0742;NC_0743;NC_0936;NC_1088;NC_1091;NC_1161;NC_1371;NC_1470;NC_1471;NC_1958;NC_2925;NC_3366;NC_3379,AT5G61140;AT5G61150;AT5G61160;AT5G61170;AT5G61180;AT5G61190;AT5G61200;AT5G61210;AT5G61220;AT5G61228;AT5G61230;AT5G61240;AT5G61250;AT5G61260;AT5G61270;AT5G61280;AT5G61290;AT5G61300;AT5G61310;AT5G61320;AT5G61330;AT5G61340;AT5G61345;AT5G61350;AT5G61360;AT5G61370;AT5G61380;AT5G61390;AT5G61400;AT5G61410;AT5G61412;AT5G61420;AT5G61430;AT5G61440;AT5G61445;AT5G61450;AT5G61455;AT5G61460
control,negative,LocusNC_1136,5,25423984,25486062,63510,63660,9.941,18,39,NC_0129;NC_0130;NC_0146;NC_0151;NC_0163;NC_0201;NC_0203;NC_0206;NC_0209;NC_0226;NC_0229;NC_0233;NC_0246;NC_0249;NC_0254;NC_0258;NC_0259;NC_0262;NC_0291;NC_0292;NC_0301;NC_0319;NC_0320;NC_0321;NC_0338;NC_0339;NC_0340;NC_0341;NC_0357;NC_1051;NC_1418;NC_1932;NC_2186;NC_2370;NC_2660;NC_2745;NC_2865;NC_3055;NC_3133,AT5G63510;AT5G63520;AT5G63530;AT5G63540;AT5G63550;AT5G63560;AT5G63570;AT5G63580;AT5G63590;AT5G63595;AT5G63600;AT5G63610;AT5G63620;AT5G63630;AT5G63634;AT5G63640;AT5G63650;AT5G63660
stress,positive,LocusPS_21,1,3041996,3102925,9430,9575,17.804,18,14,PS_0606;PS_0668;PS_0846;PS_1189;PS_1313;PS_1349;PS_1350;PS_1351;PS_1390;PS_1391;PS_1489;PS_1532;PS_1558;PS_1567,AT1G09430;AT1G09440;AT1G09450;AT1G09460;AT1G09470;AT1G09480;AT1G09483;AT1G09486;AT1G09490;AT1G09500;AT1G09510;AT1G09520;AT1G09530;AT1G09540;AT1G09550;AT1G09560;AT1G09570;AT1G09575
stress,positive,LocusPS_36,1,4822528,4864094,14080,14230,9.258,20,2,PS_0614;PS_1143,AT1G14080;AT1G14090;AT1G14100;AT1G14110;AT1G14120;AT1G14130;AT1G14140;AT1G14150;AT1G14160;AT1G14170;AT1G14180;AT1G14182;AT1G14185;AT1G14190;AT1G14200;AT1G14205;AT1G14210;AT1G14220;AT1G14225;AT1G14230
stress,positive,LocusPS_59,1,7078898,7118161,20410,20550,10.32,16,1,PS_1544,AT1G20410;AT1G20420;AT1G20430;AT1G20440;AT1G20450;AT1G20460;AT1G20470;AT1G20480;AT1G20490;AT1G20500;AT1G20510;AT1G20515;AT1G20520;AT1G20530;AT1G20540;AT1G20550
stress,positive,LocusPS_63,1,7366775,7412857,21050,21160,8.672,13,4,PS_0713;PS_1167;PS_1682;PS_1913,AT1G21050;AT1G21060;AT1G21065;AT1G21070;AT1G21080;AT1G21090;AT1G21100;AT1G21110;AT1G21120;AT1G21130;AT1G21140;AT1G21150;AT1G21160
stress,positive,LocusPS_68,1,7912046,7933390,22410,22470,11.759,7,3,PS_1475;PS_1564;PS_1565,AT1G22410;AT1G22420;AT1G22430;AT1G22440;AT1G22450;AT1G22460;AT1G22470
stress,positive,LocusPS_94,1,10571340,10589760,30100,30130,8.184,4,3,PS_0068;PS_0069;PS_0076,AT1G30100;AT1G30110;AT1G30120;AT1G30130
stress,positive,LocusPS_95,1,10779171,10835538,30470,30580,11.88,15,26,PS_0213;PS_0286;PS_0321;PS_0838;PS_0843;PS_1292;PS_1296;PS_1334;PS_1597;PS_1598;PS_1617;PS_1623;PS_1633;PS_1838;PS_1839;PS_1841;PS_1866;PS_2038;PS_2065;PS_2135;PS_2150;PS_2170;PS_2199;PS_2200;PS_2205;PS_2236,AT1G30470;AT1G30473;AT1G30475;AT1G30480;AT1G30490;AT1G30500;AT1G30510;AT1G30515;AT1G30520;AT1G30530;AT1G30540;AT1G30550;AT1G30560;AT1G30570;AT1G30580
stress,positive,LocusPS_133,1,17116044,17133548,45191,45207,10.223,3,2,PS_1838;PS_1866,AT1G45191;AT1G45201;AT1G45207
stress,positive,LocusPS_134,1,17136065,17159397,45211,45256,10.541,12,2,PS_1838;PS_1866,AT1G45211;AT1G45215;AT1G45221;AT1G45223;AT1G45225;AT1G45227;AT1G45256;AT1G45243;AT1G45231;AT1G45233;AT1G45229;AT1G45234
stress,positive,LocusPS_150,1,19041397,19069776,51355,51430,16.115,11,3,PS_0057;PS_1755;PS_2071,AT1G51355;AT1G51360;AT1G51370;AT1G51380;AT1G51390;AT1G51400;AT1G51402;AT1G51405;AT1G51410;AT1G51420;AT1G51430
stress,positive,LocusPS_171,1,21919745,21945221,59650,59722,8.063,10,4,PS_1588;PS_1667;PS_1720;PS_1721,AT1G59650;AT1G59660;AT1G59670;AT1G59675;AT1G59680;AT1G59690;AT1G59700;AT1G59710;AT1G59720;AT1G59722
stress,positive,LocusPS_172,1,21968071,21972411,59740,59740,10.288,1,6,PS_0890;PS_1588;PS_1666;PS_1667;PS_1698;PS_1721,AT1G59740
stress,positive,LocusPS_175,1,22139184,22290315,60060,60490,24.792,46,34,PS_0133;PS_0136;PS_0142;PS_0147;PS_0155;PS_0248;PS_0255;PS_0257;PS_0326;PS_0685;PS_0839;PS_0842;PS_1176;PS_1294;PS_1295;PS_1335;PS_1336;PS_1620;PS_1622;PS_1647;PS_1663;PS_1694;PS_1695;PS_1725;PS_1767;PS_1773;PS_1859;PS_1860;PS_1886;PS_1972;PS_2035;PS_2181;PS_2186;PS_2190,AT1G60060;AT1G60070;AT1G60072;AT1G60073;AT1G60075;AT1G60080;AT1G60090;AT1G60095;AT1G60110;AT1G60120;AT1G60130;AT1G60140;AT1G60150;AT1G60160;AT1G60170;AT1G60180;AT1G60190;AT1G60200;AT1G60220;AT1G60230;AT1G60240;AT1G60250;AT1G60260;AT1G60270;AT1G60280;AT1G60290;AT1G60300;AT1G60310;AT1G60320;AT1G60330;AT1G60340;AT1G60350;AT1G60360;AT1G60370;AT1G60380;AT1G60390;AT1G60400;AT1G60410;AT1G60420;AT1G60430;AT1G60440;AT1G60450;AT1G60460;AT1G60470;AT1G60480;AT1G60490
stress,positive,LocusPS_184,1,22948757,22991679,62085,62230,12.316,18,5,PS_0823;PS_0971;PS_1348;PS_1352;PS_1495,AT1G62085;AT1G62090;AT1G62095;AT1G62110;AT1G62120;AT1G62130;AT1G62150;AT1G62160;AT1G62170;AT1G62180;AT1G62181;AT1G62190;AT1G62200;AT1G62210;AT1G62214;AT1G62220;AT1G62225;AT1G62230
stress,positive,LocusPS_218,1,26818083,26854396,71110,71230,9.538,13,3,PS_0602;PS_0632;PS_1593,AT1G71110;AT1G71120;AT1G71130;AT1G71140;AT1G71150;AT1G71160;AT1G71170;AT1G71180;AT1G71190;AT1G71200;AT1G71210;AT1G71220;AT1G71230
stress,positive,LocusPS_235,1,29656577,29688673,78890,78950,8.27,10,3,PS_1313;PS_1350;PS_1391,AT1G78890;AT1G78895;AT1G78900;AT1G78910;AT1G78915;AT1G78920;AT1G78922;AT1G78930;AT1G78940;AT1G78950
stress,positive,LocusPS_249,2,749919,784646,2690,2780,8.598,11,1,PS_1083,AT2G02690;AT2G02700;AT2G02710;AT2G02720;AT2G02730;AT2G02740;AT2G02750;AT2G02741;AT2G02760;AT2G02770;AT2G02780
stress,positive,LocusPS_282,2,7634274,7699568,17550,17720,10.713,21,1,PS_0835,AT2G17550;AT2G17556;AT2G17560;AT2G17570;AT2G17580;AT2G17590;AT2G17600;AT2G17610;AT2G17620;AT2G17630;AT2G17640;AT2G17650;AT2G17660;AT2G17670;AT2G17680;AT2G17690;AT2G17695;AT2G17700;AT2G17705;AT2G17710;AT2G17720
stress,positive,LocusPS_292,2,9488554,9548566,22330,22480,9.524,21,5,PS_0652;PS_1585;PS_1586;PS_1587;PS_1684,AT2G22330;AT2G22335;AT2G22340;AT2G22345;AT2G22350;AT2G22360;AT2G22370;AT2G22380;AT2G22390;AT2G22400;AT2G22410;AT2G22420;AT2G22425;AT2G22426;AT2G22430;AT2G22440;AT2G22450;AT2G22460;AT2G22470;AT2G22475;AT2G22480
stress,positive,LocusPS_293,2,9553803,9610595,22490,22620,10.828,14,5,PS_1562;PS_1586;PS_1587;PS_1634;PS_1684,AT2G22490;AT2G22496;AT2G22500;AT2G22510;AT2G22520;AT2G22530;AT2G22540;AT2G22560;AT2G22570;AT2G22580;AT2G22590;AT2G22600;AT2G22610;AT2G22620
stress,positive,LocusPS_295,2,9645313,9919258,22680,23310,21.98,79,18,PS_0652;PS_0653;PS_0897;PS_1054;PS_1110;PS_1111;PS_1562;PS_1585;PS_1586;PS_1587;PS_1610;PS_1634;PS_1655;PS_1656;PS_1684;PS_1685;PS_1824;PS_1831,AT2G22680;AT2G22690;AT2G22710;AT2G22720;AT2G22730;AT2G22740;AT2G22750;AT2G22760;AT2G22770;AT2G22780;AT2G22790;AT2G22795;AT2G22800;AT2G22802;AT2G22805;AT2G22807;AT2G22810;AT2G22820;AT2G22821;AT2G22830;AT2G22840;AT2G22850;AT2G22860;AT2G22870;AT2G22880;AT2G22890;AT2G22900;AT2G22905;AT2G22910;AT2G22920;AT2G22930;AT2G22940;AT2G22941;AT2G22942;AT2G22950;AT2G22955;AT2G22960;AT2G22970;AT2G22980;AT2G22990;AT2G23000;AT2G23010;AT2G23020;AT2G23030;AT2G23040;AT2G23050;AT2G23060;AT2G23067;AT2G23070;AT2G23080;AT2G23090;AT2G23093;AT2G23096;AT2G23100;AT2G23110;AT2G23118;AT2G23120;AT2G23130;AT2G23140;AT2G23142;AT2G23148;AT2G23149;AT2G23150;AT2G23160;AT2G23170;AT2G23171;AT2G23180;AT2G23190;AT2G23200;AT2G23210;AT2G23220;AT2G23230;AT2G23240;AT2G23250;AT2G23260;AT2G23270;AT2G23290;AT2G23300;AT2G23310
stress,positive,LocusPS_296,2,9937998,10036000,23340,23590,13.773,28,19,PS_0255;PS_0652;PS_0653;PS_0685;PS_1054;PS_1110;PS_1111;PS_1229;PS_1562;PS_1585;PS_1586;PS_1587;PS_1634;PS_1655;PS_1656;PS_1684;PS_1685;PS_1725;PS_1773,AT2G23340;AT2G23348;AT2G23347;AT2G23350;AT2G23360;AT2G23370;AT2G23380;AT2G23390;AT2G23400;AT2G23410;AT2G23420;AT2G23430;AT2G23440;AT2G23450;AT2G23460;AT2G23470;AT2G23480;AT2G23490;AT2G23500;AT2G23510;AT2G23520;AT2G23530;AT2G23540;AT2G23550;AT2G23560;AT2G23570;AT2G23580;AT2G23590
stress,positive,LocusPS_297,2,10042199,10155647,23600,23840,9.867,28,5,PS_1054;PS_1460;PS_1461;PS_1586;PS_1587,AT2G23600;AT2G23610;AT2G23620;AT2G23630;AT2G23640;AT2G23650;AT2G23660;AT2G23670;AT2G23672;AT2G23673;AT2G23680;AT2G23690;AT2G23700;AT2G23710;AT2G23720;AT2G23740;AT2G23755;AT2G23760;AT2G23770;AT2G23780;AT2G23790;AT2G23800;AT2G23808;AT2G23810;AT2G23820;AT2G23830;AT2G23834;AT2G23840
stress,positive,LocusPS_298,2,10156201,10197610,23850,23960,9.591,13,6,PS_1054;PS_1110;PS_1460;PS_1461;PS_1586;PS_1587,AT2G23850;AT2G23860;AT2G23870;AT2G23880;AT2G23890;AT2G23900;AT2G23910;AT2G23920;AT2G23930;AT2G23940;AT2G23945;AT2G23950;AT2G23960
stress,positive,LocusPS_299,2,10201104,10243614,23980,24090,8.97,13,3,PS_1460;PS_1461;PS_1587,AT2G23980;AT2G23985;AT2G23990;AT2G24000;AT2G24010;AT2G24020;AT2G24030;AT2G24040;AT2G24050;AT2G24060;AT2G24070;AT2G24080;AT2G24090
stress,positive,LocusPS_344,2,14239213,14295271,33640,33790,9.068,21,1,PS_0733,AT2G33640;AT2G33655;AT2G33650;AT2G33660;AT2G33670;AT2G33680;AT2G33690;AT2G33700;AT2G33705;AT2G33707;AT2G33710;AT2G33720;AT2G33730;AT2G33735;AT2G33740;AT2G33750;AT2G33760;AT2G33770;AT2G33775;AT2G33780;AT2G33790
stress,positive,LocusPS_352,2,16103311,16177663,38460,38690,14.345,27,4,PS_0037;PS_1033;PS_1176;PS_1923,AT2G38460;AT2G38465;AT2G38470;AT2G38480;AT2G38490;AT2G38500;AT2G38510;AT2G38520;AT2G38530;AT2G38540;AT2G38544;AT2G38550;AT2G38560;AT2G38570;AT2G38580;AT2G38590;AT2G38600;AT2G38610;AT2G38620;AT2G38630;AT2G38640;AT2G38646;AT2G38650;AT2G38660;AT2G38670;AT2G38680;AT2G38690
stress,positive,LocusPS_367,2,18842539,18898528,45750,45910,9.394,17,1,PS_2158,AT2G45750;AT2G45760;AT2G45770;AT2G45780;AT2G45790;AT2G45800;AT2G45810;AT2G45820;AT2G45830;AT2G45840;AT2G45850;AT2G45860;AT2G45870;AT2G45880;AT2G45890;AT2G45900;AT2G45910
stress,positive,LocusPS_377,3,755159,863352,3260,3580,10.247,38,9,PS_1604;PS_1659;PS_1849;PS_1851;PS_1852;PS_1908;PS_1909;PS_1948;PS_2084,AT3G03260;AT3G03270;AT3G03272;AT3G03280;AT3G03290;AT3G03300;AT3G03305;AT3G03310;AT3G03320;AT3G03330;AT3G03340;AT3G03341;AT3G03350;AT3G03356;AT3G03360;AT3G03370;AT3G03380;AT3G03400;AT3G03405;AT3G03410;AT3G03420;AT3G03430;AT3G03440;AT3G03450;AT3G03456;AT3G03460;AT3G03470;AT3G03480;AT3G03490;AT3G03500;AT3G03510;AT3G03520;AT3G03530;AT3G03540;AT3G03550;AT3G03560;AT3G03570;AT3G03580
stress,positive,LocusPS_389,3,3239180,3256439,10420,10460,13.407,6,2,PS_1015;PS_1140,AT3G10420;AT3G10430;AT3G10439;AT3G10440;AT3G10450;AT3G10460
stress,positive,LocusPS_403,3,4869124,5013265,14515,14890,15.392,43,21,PS_0027;PS_0403;PS_0774;PS_0921;PS_0990;PS_1037;PS_1124;PS_1324;PS_1330;PS_1379;PS_1393;PS_1397;PS_1406;PS_1407;PS_1428;PS_1438;PS_1447;PS_1448;PS_1449;PS_1456;PS_1470,AT3G14515;AT3G14517;AT3G14520;AT3G14530;AT3G14540;AT3G14550;AT3G14560;AT3G14570;AT3G14580;AT3G14590;AT3G14595;AT3G14600;AT3G14610;AT3G14620;AT3G14630;AT3G14640;AT3G14650;AT3G14660;AT3G14670;AT3G14680;AT3G14690;AT3G14700;AT3G14710;AT3G14720;AT3G14730;AT3G14735;AT3G14740;AT3G14750;AT3G14760;AT3G14770;AT3G14780;AT3G14790;AT3G14800;AT3G14810;AT3G14820;AT3G14830;AT3G14840;AT3G14850;AT3G14855;AT3G14860;AT3G14870;AT3G14880;AT3G14890
stress,positive,LocusPS_424,3,7591483,7691504,21550,21820,28.322,32,11,PS_0049;PS_0658;PS_0666;PS_0667;PS_1127;PS_1239;PS_1556;PS_1599;PS_1783;PS_2082;PS_2094,AT3G21550;AT3G21560;AT3G21570;AT3G21580;AT3G21590;AT3G21600;AT3G21610;AT3G21620;AT3G21630;AT3G21640;AT3G21650;AT3G21660;AT3G21670;AT3G21680;AT3G21690;AT3G21700;AT3G21710;AT3G21720;AT3G21730;AT3G21740;AT3G21750;AT3G21755;AT3G21760;AT3G21770;AT3G21780;AT3G21781;AT3G21790;AT3G21791;AT3G21800;AT3G21805;AT3G21810;AT3G21820
stress,positive,LocusPS_540,3,23185348,23242251,62690,62860,10.832,20,7,PS_0851;PS_1083;PS_1839;PS_1841;PS_1887;PS_1923;PS_2028,AT3G62690;AT3G62700;AT3G62710;AT3G62720;AT3G62725;AT3G62730;AT3G62735;AT3G62740;AT3G62750;AT3G62760;AT3G62770;AT3G62780;AT3G62790;AT3G62800;AT3G62810;AT3G62820;AT3G62830;AT3G62840;AT3G62850;AT3G62860
stress,positive,LocusPS_552,4,1159667,1456751,2660,3300,29.384,84,80,PS_0124;PS_0226;PS_0278;PS_0300;PS_0360;PS_0377;PS_0386;PS_0394;PS_0396;PS_0417;PS_0433;PS_0465;PS_0531;PS_0595;PS_0638;PS_0670;PS_0679;PS_0691;PS_0692;PS_0705;PS_0715;PS_0738;PS_0744;PS_0768;PS_0805;PS_0806;PS_0807;PS_0830;PS_0836;PS_0885;PS_0886;PS_0896;PS_0917;PS_0923;PS_0982;PS_1011;PS_1023;PS_1077;PS_1099;PS_1124;PS_1134;PS_1144;PS_1154;PS_1155;PS_1161;PS_1199;PS_1200;PS_1201;PS_1215;PS_1224;PS_1231;PS_1245;PS_1249;PS_1254;PS_1255;PS_1260;PS_1287;PS_1301;PS_1305;PS_1323;PS_1325;PS_1326;PS_1347;PS_1426;PS_1428;PS_1430;PS_1438;PS_1443;PS_1466;PS_1481;PS_1566;PS_1573;PS_1592;PS_1594;PS_1706;PS_1752;PS_1804;PS_1818;PS_1955;PS_2071,AT4G02660;AT4G02670;AT4G02680;AT4G02690;AT4G02700;AT4G02710;AT4G02715;AT4G02720;AT4G02725;AT4G02730;AT4G02733;AT4G02740;AT4G02750;AT4G02760;AT4G02770;AT4G02780;AT4G02790;AT4G02800;AT4G02810;AT4G02820;AT4G02830;AT4G02840;AT4G02850;AT4G02860;AT4G02870;AT4G02871;AT4G02880;AT4G02890;AT4G02900;AT4G02910;AT4G02920;AT4G02930;AT4G02940;AT4G02950;AT4G02960;AT4G02970;AT4G02980;AT4G02990;AT4G03000;AT4G03010;AT4G03020;AT4G03030;AT4G03038;AT4G03039;AT4G03040;AT4G03050;AT4G03060;AT4G03063;AT4G03070;AT4G03080;AT4G03090;AT4G03100;AT4G03110;AT4G03115;AT4G03113;AT4G03120;AT4G03130;AT4G03135;AT4G03140;AT4G03150;AT4G03153;AT4G03156;AT4G03160;AT4G03165;AT4G03170;AT4G03175;AT4G03180;AT4G03190;AT4G03200;AT4G03205;AT4G03210;AT4G03220;AT4G03230;AT4G03240;AT4G03250;AT4G03260;AT4G03270;AT4G03280;AT4G03285;AT4G03290;AT4G03292;AT4G03295;AT4G03298;AT4G03300
stress,positive,LocusPS_553,4,1457798,1548871,3305,3480,11.455,29,9,PS_0360;PS_0738;PS_0830;PS_0885;PS_0886;PS_0982;PS_1077;PS_2000;PS_2146,AT4G03305;AT4G03310;AT4G03320;AT4G03330;AT4G03340;AT4G03350;AT4G03360;AT4G03364;AT4G03370;AT4G03376;AT4G03380;AT4G03390;AT4G03400;AT4G03410;AT4G03405;AT4G03415;AT4G03420;AT4G03430;AT4G03435;AT4G03437;AT4G03438;AT4G03440;AT4G03443;AT4G03445;AT4G03450;AT4G03455;AT4G03460;AT4G03470;AT4G03480
stress,positive,LocusPS_554,4,1549345,1585966,3490,3560,12.674,9,4,PS_0360;PS_0679;PS_0830;PS_0982,AT4G03490;AT4G03500;AT4G03505;AT4G03510;AT4G03520;AT4G03530;AT4G03540;AT4G03550;AT4G03560
stress,positive,LocusPS_555,4,1586747,1624141,3565,3650,11.782,12,4,PS_0360;PS_0830;PS_0982;PS_1077,AT4G03565;AT4G03566;AT4G03570;AT4G03580;AT4G03590;AT4G03600;AT4G03610;AT4G03620;AT4G03630;AT4G03635;AT4G03640;AT4G03650
stress,positive,LocusPS_593,4,6371377,6425661,10260,10370,8.106,14,6,PS_0498;PS_0611;PS_0779;PS_0788;PS_0996;PS_0999,AT4G10260;AT4G10265;AT4G10270;AT4G10280;AT4G10290;AT4G10300;AT4G10310;AT4G10320;AT4G10330;AT4G10340;AT4G10345;AT4G10350;AT4G10360;AT4G10370
stress,positive,LocusPS_605,4,7256538,7343590,12120,12410,21.245,35,18,PS_0656;PS_0666;PS_0667;PS_0668;PS_0669;PS_1113;PS_1188;PS_1237;PS_1238;PS_1349;PS_1351;PS_1390;PS_1530;PS_1532;PS_1557;PS_1567;PS_1600;PS_2082,AT4G12120;AT4G12130;AT4G12135;AT4G12140;AT4G12150;AT4G12160;AT4G12170;AT4G12180;AT4G12190;AT4G12200;AT4G12210;AT4G12220;AT4G12230;AT4G12240;AT4G12250;AT4G12260;AT4G12270;AT4G12275;AT4G12280;AT4G12290;AT4G12300;AT4G12310;AT4G12320;AT4G12330;AT4G12334;AT4G12340;AT4G12350;AT4G12360;AT4G12370;AT4G12380;AT4G12382;AT4G12390;AT4G12400;AT4G12405;AT4G12410
stress,positive,LocusPS_606,4,7357156,7380151,12423,12440,8.56,5,1,PS_2082,AT4G12423;AT4G12426;AT4G12430;AT4G12432;AT4G12440
stress,positive,LocusPS_622,4,9376737,9406003,16660,16730,10.178,9,12,PS_1174;PS_1686;PS_1697;PS_1702;PS_1723;PS_1849;PS_1908;PS_1932;PS_1934;PS_1935;PS_1948;PS_2084,AT4G16660;AT4G16670;AT4G16680;AT4G16690;AT4G16695;AT4G16700;AT4G16710;AT4G16720;AT4G16730
stress,positive,LocusPS_623,4,9411866,9437168,16745,16770,20.373,5,3,PS_0566;PS_1369;PS_1420,AT4G16745;AT4G16750;AT4G16760;AT4G16765;AT4G16770
stress,positive,LocusPS_628,4,10145919,10247372,18360,18600,10.313,33,11,PS_0119;PS_0486;PS_0619;PS_0626;PS_0961;PS_0962;PS_1138;PS_1164;PS_1176;PS_1282;PS_1907,AT4G18360;AT4G18370;AT4G18372;AT4G18375;AT4G18380;AT4G18390;AT4G18395;AT4G18400;AT4G18410;AT4G18420;AT4G18422;AT4G18425;AT4G18430;AT4G18440;AT4G18450;AT4G18470;AT4G18460;AT4G18465;AT4G18480;AT4G18490;AT4G18500;AT4G18501;AT4G18510;AT4G18520;AT4G18530;AT4G18540;AT4G18550;AT4G18570;AT4G18580;AT4G18590;AT4G18593;AT4G18596;AT4G18600
stress,positive,LocusPS_633,4,10974463,11013860,20320,20400,8.721,12,1,PS_0893,AT4G20320;AT4G20325;AT4G20330;AT4G20340;AT4G20350;AT4G20360;AT4G20362;AT4G20365;AT4G20370;AT4G20380;AT4G20390;AT4G20400
stress,positive,LocusPS_635,4,11103377,11151758,20715,20820,18.577,12,1,PS_0893,AT4G20715;AT4G20720;AT4G20725;AT4G20730;AT4G20740;AT4G20760;AT4G20770;AT4G20780;AT4G20790;AT4G20800;AT4G20810;AT4G20820
stress,positive,LocusPS_643,4,12054455,12090575,23000,23060,8.106,7,2,PS_0955;PS_0978,AT4G23000;AT4G23010;AT4G23020;AT4G23030;AT4G23040;AT4G23050;AT4G23060
stress,positive,LocusPS_654,4,13732910,13780954,27460,27597,8.426,17,31,PS_0133;PS_0142;PS_0156;PS_0174;PS_0248;PS_0255;PS_0301;PS_0302;PS_0305;PS_0332;PS_0684;PS_0838;PS_0842;PS_1292;PS_1295;PS_1598;PS_1617;PS_1622;PS_1623;PS_1663;PS_1694;PS_1725;PS_1727;PS_1837;PS_1865;PS_1883;PS_1910;PS_2014;PS_2028;PS_2181;PS_2240,AT4G27460;AT4G27470;AT4G27480;AT4G27490;AT4G27500;AT4G27510;AT4G27520;AT4G27530;AT4G27540;AT4G27550;AT4G27560;AT4G27570;AT4G27580;AT4G27585;AT4G27590;AT4G27595;AT4G27597
stress,positive,LocusPS_658,4,14090489,14279984,28530,28950,13.66,50,2,PS_0372;PS_0997,AT4G28530;AT4G28540;AT4G28550;AT4G28556;AT4G28560;AT4G28564;AT4G28570;AT4G28580;AT4G28590;AT4G28600;AT4G28610;AT4G28620;AT4G28630;AT4G28640;AT4G28650;AT4G28660;AT4G28670;AT4G28680;AT4G28690;AT4G28700;AT4G28703;AT4G28706;AT4G28710;AT4G28720;AT4G28730;AT4G28740;AT4G28750;AT4G28760;AT4G28770;AT4G28775;AT4G28780;AT4G28790;AT4G28800;AT4G28811;AT4G28815;AT4G28820;AT4G28830;AT4G28840;AT4G28850;AT4G28860;AT4G28870;AT4G28880;AT4G28890;AT4G28900;AT4G28910;AT4G28915;AT4G28920;AT4G28930;AT4G28940;AT4G28950
stress,positive,LocusPS_661,4,14512549,14555167,29590,29720,9.103,16,2,PS_0378;PS_1087,AT4G29590;AT4G29600;AT4G29610;AT4G29620;AT4G29630;AT4G29640;AT4G29650;AT4G29654;AT4G29658;AT4G29660;AT4G29670;AT4G29680;AT4G29690;AT4G29700;AT4G29710;AT4G29720
stress,positive,LocusPS_668,4,15959962,15998673,33080,33170,10.586,11,3,PS_0824;PS_0916;PS_1613,AT4G33080;AT4G33090;AT4G33100;AT4G33110;AT4G33120;AT4G33130;AT4G33140;AT4G33145;AT4G33150;AT4G33160;AT4G33170
stress,positive,LocusPS_675,4,16698320,16718017,35080,35120,10.304,5,1,PS_0446,AT4G35080;AT4G35090;AT4G35100;AT4G35110;AT4G35120
stress,positive,LocusPS_686,4,17540490,17573938,37260,37380,17.358,13,11,PS_0605;PS_0627;PS_0713;PS_0827;PS_1000;PS_1167;PS_1358;PS_1465;PS_1478;PS_1682;PS_1993,AT4G37260;AT4G37270;AT4G37280;AT4G37290;AT4G37295;AT4G37300;AT4G37310;AT4G37320;AT4G37330;AT4G37340;AT4G37360;AT4G37370;AT4G37380
stress,positive,LocusPS_687,4,17579657,17640665,37390,37540,14.078,20,20,PS_0358;PS_0404;PS_0474;PS_0511;PS_0565;PS_0598;PS_0637;PS_0748;PS_1000;PS_1204;PS_1259;PS_1389;PS_1425;PS_1463;PS_1465;PS_1478;PS_1522;PS_1923;PS_1993;PS_2021,AT4G37390;AT4G37400;AT4G37409;AT4G37410;AT4G37420;AT4G37430;AT4G37432;AT4G37440;AT4G37445;AT4G37450;AT4G37460;AT4G37470;AT4G37480;AT4G37483;AT4G37490;AT4G37500;AT4G37510;AT4G37520;AT4G37530;AT4G37540
stress,positive,LocusPS_703,5,848864,937641,3430,3650,14.169,31,6,PS_0661;PS_1117;PS_1243;PS_1270;PS_1740;PS_1776,AT5G03430;AT5G03435;AT5G03440;AT5G03445;AT5G03450;AT5G03452;AT5G03455;AT5G03460;AT5G03470;AT5G03480;AT5G03490;AT5G03495;AT5G03500;AT5G03510;AT5G03520;AT5G03530;AT5G03540;AT5G03545;AT5G03550;AT5G03552;AT5G03555;AT5G03560;AT5G03570;AT5G03580;AT5G03590;AT5G03600;AT5G03610;AT5G03620;AT5G03630;AT5G03640;AT5G03650
stress,positive,LocusPS_709,5,1585297,1663929,5350,5570,16.391,25,5,PS_0368;PS_0379;PS_0382;PS_0785;PS_1711,AT5G05350;AT5G05360;AT5G05365;AT5G05370;AT5G05380;AT5G05390;AT5G05400;AT5G05410;AT5G05420;AT5G05430;AT5G05435;AT5G05440;AT5G05450;AT5G05460;AT5G05470;AT5G05480;AT5G05490;AT5G05500;AT5G05510;AT5G05520;AT5G05530;AT5G05540;AT5G05550;AT5G05560;AT5G05570
stress,positive,LocusPS_710,5,1664134,1799527,5580,5970,28.073,45,8,PS_0379;PS_0382;PS_0565;PS_0598;PS_0785;PS_0804;PS_1232;PS_1894,AT5G05580;AT5G05590;AT5G05598;AT5G05600;AT5G05610;AT5G05620;AT5G05630;AT5G05640;AT5G05650;AT5G05657;AT5G05660;AT5G05670;AT5G05680;AT5G05690;AT5G05700;AT5G05710;AT5G05720;AT5G05730;AT5G05740;AT5G05750;AT5G05760;AT5G05770;AT5G05780;AT5G05790;AT5G05795;AT5G05800;AT5G05810;AT5G05820;AT5G05830;AT5G05840;AT5G05850;AT5G05860;AT5G05870;AT5G05880;AT5G05890;AT5G05900;AT5G05910;AT5G05920;AT5G05930;AT5G05940;AT5G05945;AT5G05950;AT5G05960;AT5G05965;AT5G05970
stress,positive,LocusPS_711,5,1799490,1831467,5980,6080,9.273,14,3,PS_0234;PS_0379;PS_0785,AT5G05980;AT5G05985;AT5G05987;AT5G05990;AT5G06000;AT5G06010;AT5G06020;AT5G06030;AT5G06040;AT5G06043;AT5G06050;AT5G06060;AT5G06070;AT5G06080
stress,positive,LocusPS_730,5,3803336,3852417,11800,11940,8.521,15,4,PS_1588;PS_1637;PS_1907;PS_1926,AT5G11800;AT5G11810;AT5G11820;AT5G11830;AT5G11840;AT5G11850;AT5G11860;AT5G11870;AT5G11880;AT5G11890;AT5G11900;AT5G11910;AT5G11920;AT5G11930;AT5G11940
stress,positive,LocusPS_740,5,5474386,5543543,16690,16850,8.718,18,2,PS_1298;PS_1621,AT5G16690;AT5G16700;AT5G16710;AT5G16715;AT5G16720;AT5G16730;AT5G16740;AT5G16750;AT5G16760;AT5G16770;AT5G16780;AT5G16790;AT5G16800;AT5G16810;AT5G16820;AT5G16830;AT5G16840;AT5G16850
stress,positive,LocusPS_741,5,5555254,5685597,16900,17270,16.688,43,4,PS_0021;PS_0103;PS_1298;PS_1621,AT5G16900;AT5G16910;AT5G16920;AT5G16930;AT5G16940;AT5G16950;AT5G16960;AT5G16970;AT5G16980;AT5G16990;AT5G17000;AT5G17010;AT5G17020;AT5G17030;AT5G17040;AT5G17050;AT5G17060;AT5G17070;AT5G17073;AT5G17080;AT5G17090;AT5G17100;AT5G17110;AT5G17120;AT5G17125;AT5G17130;AT5G17140;AT5G17150;AT5G17160;AT5G17165;AT5G17170;AT5G17180;AT5G17190;AT5G17200;AT5G17210;AT5G17220;AT5G17230;AT5G17233;AT5G17240;AT5G17250;AT5G17260;AT5G17262;AT5G17270
stress,positive,LocusPS_761,5,7388004,7410102,22320,22380,8.406,8,24,PS_0416;PS_0442;PS_0458;PS_0509;PS_0545;PS_0618;PS_0696;PS_0744;PS_0751;PS_1073;PS_1199;PS_1210;PS_1256;PS_1267;PS_1339;PS_1457;PS_1477;PS_1502;PS_1550;PS_1658;PS_2003;PS_2019;PS_2093;PS_2108,AT5G22320;AT5G22330;AT5G22340;AT5G22350;AT5G22355;AT5G22360;AT5G22370;AT5G22380
stress,positive,LocusPS_763,5,7515217,7852532,22610,23310,14.875,82,121,PS_0368;PS_0385;PS_0394;PS_0415;PS_0416;PS_0418;PS_0426;PS_0430;PS_0431;PS_0432;PS_0442;PS_0456;PS_0458;PS_0465;PS_0469;PS_0473;PS_0480;PS_0495;PS_0501;PS_0509;PS_0540;PS_0545;PS_0547;PS_0555;PS_0576;PS_0595;PS_0596;PS_0615;PS_0618;PS_0670;PS_0672;PS_0696;PS_0705;PS_0715;PS_0738;PS_0744;PS_0750;PS_0751;PS_0756;PS_0833;PS_0839;PS_0860;PS_0863;PS_0872;PS_0873;PS_0880;PS_0881;PS_0915;PS_0924;PS_0927;PS_0928;PS_0932;PS_0933;PS_0941;PS_0942;PS_0943;PS_0972;PS_0974;PS_0983;PS_0984;PS_1014;PS_1073;PS_1078;PS_1086;PS_1104;PS_1134;PS_1144;PS_1145;PS_1170;PS_1176;PS_1180;PS_1199;PS_1209;PS_1210;PS_1214;PS_1226;PS_1256;PS_1265;PS_1266;PS_1267;PS_1286;PS_1308;PS_1315;PS_1339;PS_1344;PS_1381;PS_1392;PS_1410;PS_1427;PS_1441;PS_1457;PS_1467;PS_1471;PS_1477;PS_1484;PS_1502;PS_1506;PS_1523;PS_1550;PS_1575;PS_1658;PS_1708;PS_1736;PS_1752;PS_1786;PS_1813;PS_1835;PS_1872;PS_1972;PS_1980;PS_2003;PS_2007;PS_2019;PS_2022;PS_2034;PS_2071;PS_2088;PS_2093;PS_2108;PS_2125;PS_2129,AT5G22610;AT5G22620;AT5G22630;AT5G22640;AT5G22650;AT5G22660;AT5G22670;AT5G22680;AT5G22690;AT5G22700;AT5G22710;AT5G22720;AT5G22730;AT5G22740;AT5G22750;AT5G22760;AT5G22770;AT5G22780;AT5G22790;AT5G22788;AT5G22791;AT5G22792;AT5G22794;AT5G22800;AT5G22810;AT5G22820;AT5G22830;AT5G22840;AT5G22850;AT5G22860;AT5G22870;AT5G22875;AT5G22880;AT5G22890;AT5G22900;AT5G22910;AT5G22920;AT5G22930;AT5G22940;AT5G22950;AT5G22960;AT5G22970;AT5G22980;AT5G22990;AT5G23000;AT5G23010;AT5G23020;AT5G23027;AT5G23030;AT5G23035;AT5G23040;AT5G23050;AT5G23060;AT5G23065;AT5G23070;AT5G23080;AT5G23090;AT5G23100;AT5G23110;AT5G23120;AT5G23130;AT5G23140;AT5G23150;AT5G23155;AT5G23160;AT5G23170;AT5G23180;AT5G23190;AT5G23200;AT5G23210;AT5G23212;AT5G23220;AT5G23230;AT5G23235;AT5G23240;AT5G23250;AT5G23260;AT5G23270;AT5G23280;AT5G23290;AT5G23300;AT5G23310
stress,positive,LocusPS_764,5,7866742,7937372,23380,23535,8.724,20,26,PS_0011;PS_0085;PS_0442;PS_0458;PS_0509;PS_0545;PS_0555;PS_0696;PS_0744;PS_0751;PS_1073;PS_1144;PS_1199;PS_1210;PS_1256;PS_1339;PS_1457;PS_1484;PS_1502;PS_1550;PS_2003;PS_2007;PS_2071;PS_2088;PS_2093;PS_2108,AT5G23380;AT5G23390;AT5G23395;AT5G23400;AT5G23405;AT5G23410;AT5G23411;AT5G23413;AT5G23420;AT5G23430;AT5G23440;AT5G23450;AT5G23460;AT5G23470;AT5G23480;AT5G23490;AT5G23510;AT5G23520;AT5G23530;AT5G23535
stress,positive,LocusPS_765,5,7943124,8006630,23570,23730,8.712,18,15,PS_0442;PS_0509;PS_0545;PS_0696;PS_0751;PS_1199;PS_1210;PS_1256;PS_1339;PS_1457;PS_1502;PS_1550;PS_2003;PS_2019;PS_2093,AT5G23570;AT5G23575;AT5G23580;AT5G23590;AT5G23600;AT5G23610;AT5G23630;AT5G23640;AT5G23650;AT5G23660;AT5G23665;AT5G23670;AT5G23680;AT5G23690;AT5G23700;AT5G23710;AT5G23720;AT5G23730
stress,positive,LocusPS_787,5,9979367,10147542,27947,28165,27.283,37,5,PS_0765;PS_0884;PS_1590;PS_1972;PS_2055,AT5G27947;AT5G27950;AT5G27960;AT5G27965;AT5G27967;AT5G27970;AT5G27980;AT5G27990;AT5G28000;AT5G28010;AT5G28020;AT5G28030;AT5G28040;AT5G28050;AT5G28052;AT5G28053;AT5G28056;AT5G28060;AT5G28065;AT5G28067;AT5G28070;AT5G28073;AT5G28076;AT5G28080;AT5G28085;AT5G28090;AT5G28100;AT5G28110;AT5G28120;AT5G28130;AT5G28140;AT5G28141;AT5G28143;AT5G28145;AT5G28150;AT5G28160;AT5G28165
stress,positive,LocusPS_819,5,15090286,15108966,37890,37940,8.375,6,4,PS_0753;PS_1285;PS_1318;PS_1319,AT5G37890;AT5G37900;AT5G37910;AT5G37920;AT5G37930;AT5G37940
stress,positive,LocusPS_820,5,15115883,15180696,37950,38035,10.586,11,8,PS_0753;PS_1285;PS_1318;PS_1319;PS_1464;PS_1508;PS_1943;PS_1944,AT5G37950;AT5G37960;AT5G37970;AT5G37980;AT5G37990;AT5G38000;AT5G38005;AT5G38010;AT5G38020;AT5G38030;AT5G38035
stress,positive,LocusPS_846,5,17440088,17473591,43415,43500,9.843,11,3,PS_1009;PS_1080;PS_1729,AT5G43415;AT5G43420;AT5G43430;AT5G43440;AT5G43450;AT5G43455;AT5G43460;AT5G43470;AT5G43480;AT5G43490;AT5G43500
stress,positive,LocusPS_849,5,17667310,17726379,43910,44050,12.067,17,6,PS_0264;PS_0273;PS_0541;PS_1082;PS_1174;PS_1440,AT5G43910;AT5G43920;AT5G43930;AT5G43935;AT5G43940;AT5G43950;AT5G43960;AT5G43970;AT5G43980;AT5G43990;AT5G44000;AT5G44005;AT5G44010;AT5G44020;AT5G44030;AT5G44040;AT5G44050
stress,positive,LocusPS_881,5,21928847,22076777,54040,54370,22.101,47,26,PS_0204;PS_0275;PS_0423;PS_0516;PS_0613;PS_0654;PS_0674;PS_1003;PS_1042;PS_1095;PS_1193;PS_1194;PS_1537;PS_1538;PS_1562;PS_1657;PS_1756;PS_1759;PS_1764;PS_1770;PS_1782;PS_1791;PS_1802;PS_2115;PS_2126;PS_2131,AT5G54040;AT5G54045;AT5G54050;AT5G54060;AT5G54062;AT5G54064;AT5G54067;AT5G54070;AT5G54075;AT5G54080;AT5G54090;AT5G54095;AT5G54100;AT5G54110;AT5G54130;AT5G54140;AT5G54145;AT5G54148;AT5G54150;AT5G54160;AT5G54165;AT5G54170;AT5G54180;AT5G54190;AT5G54200;AT5G54203;AT5G54206;AT5G54210;AT5G54215;AT5G54220;AT5G54225;AT5G54230;AT5G54240;AT5G54250;AT5G54260;AT5G54270;AT5G54280;AT5G54290;AT5G54300;AT5G54310;AT5G54320;AT5G54330;AT5G54340;AT5G54350;AT5G54360;AT5G54365;AT5G54370
stress,positive,LocusPS_900,5,24589999,24721940,61140,61460,18.282,38,5,PS_0402;PS_0759;PS_0778;PS_0950;PS_1345,AT5G61140;AT5G61150;AT5G61160;AT5G61170;AT5G61180;AT5G61190;AT5G61200;AT5G61210;AT5G61220;AT5G61228;AT5G61230;AT5G61240;AT5G61250;AT5G61260;AT5G61270;AT5G61280;AT5G61290;AT5G61300;AT5G61310;AT5G61320;AT5G61330;AT5G61340;AT5G61345;AT5G61350;AT5G61360;AT5G61370;AT5G61380;AT5G61390;AT5G61400;AT5G61410;AT5G61412;AT5G61420;AT5G61430;AT5G61440;AT5G61445;AT5G61450;AT5G61455;AT5G61460
stress,negative,LocusNS_2,1,187211,213041,1510,1580,8.368,8,1,NS_0666,AT1G01510;AT1G01520;AT1G01530;AT1G01540;AT1G01550;AT1G01560;AT1G01570;AT1G01580
stress,negative,LocusNS_3,1,232841,295040,1650,1800,10.642,18,2,NS_0363;NS_2758,AT1G01650;AT1G01660;AT1G01670;AT1G01680;AT1G01690;AT1G01695;AT1G01700;AT1G01710;AT1G01720;AT1G01725;AT1G01730;AT1G01740;AT1G01750;AT1G01760;AT1G01770;AT1G01780;AT1G01790;AT1G01800
stress,negative,LocusNS_16,1,1960058,2120745,6430,6900,14.003,50,2,NS_0464;NS_1842,AT1G06430;AT1G06440;AT1G06450;AT1G06460;AT1G06470;AT1G06475;AT1G06480;AT1G06490;AT1G06500;AT1G06515;AT1G06510;AT1G06520;AT1G06530;AT1G06540;AT1G06550;AT1G06560;AT1G06570;AT1G06580;AT1G06590;AT1G06610;AT1G06620;AT1G06630;AT1G06640;AT1G06645;AT1G06650;AT1G06660;AT1G06670;AT1G06680;AT1G06690;AT1G06700;AT1G06710;AT1G06720;AT1G06730;AT1G06740;AT1G06750;AT1G06760;AT1G06770;AT1G06780;AT1G06790;AT1G06800;AT1G06810;AT1G06820;AT1G06830;AT1G06840;AT1G06850;AT1G06860;AT1G06870;AT1G06880;AT1G06890;AT1G06900
stress,negative,LocusNS_22,1,2942564,2987393,9140,9245,8.166,16,4,NS_1027;NS_1189;NS_1320;NS_1855,AT1G09140;AT1G09150;AT1G09155;AT1G09157;AT1G09160;AT1G09170;AT1G09176;AT1G09180;AT1G09190;AT1G09195;AT1G09200;AT1G09210;AT1G09220;AT1G09230;AT1G09240;AT1G09245
stress,negative,LocusNS_23,1,3041996,3079539,9430,9530,20.154,13,9,NS_1016;NS_1027;NS_1100;NS_1101;NS_1179;NS_1180;NS_1189;NS_1232;NS_1320,AT1G09430;AT1G09440;AT1G09450;AT1G09460;AT1G09470;AT1G09480;AT1G09483;AT1G09486;AT1G09490;AT1G09500;AT1G09510;AT1G09520;AT1G09530
stress,negative,LocusNS_25,1,3265976,3333470,10010,10160,8.092,17,9,NS_0390;NS_0576;NS_0976;NS_1033;NS_1146;NS_1200;NS_1297;NS_1467;NS_1576,AT1G10010;AT1G10020;AT1G10030;AT1G10040;AT1G10050;AT1G10060;AT1G10070;AT1G10090;AT1G10095;AT1G10100;AT1G10110;AT1G10120;AT1G10130;AT1G10140;AT1G10150;AT1G10155;AT1G10160
stress,negative,LocusNS_40,1,4800169,4877248,14010,14270,9.857,32,4,NS_0762;NS_0971;NS_1301;NS_1354,AT1G14010;AT1G14020;AT1G14030;AT1G14040;AT1G14048;AT1G14060;AT1G14070;AT1G14071;AT1G14080;AT1G14090;AT1G14100;AT1G14110;AT1G14120;AT1G14130;AT1G14140;AT1G14150;AT1G14160;AT1G14170;AT1G14180;AT1G14182;AT1G14185;AT1G14190;AT1G14200;AT1G14205;AT1G14210;AT1G14220;AT1G14225;AT1G14230;AT1G14240;AT1G14250;AT1G14260;AT1G14270
stress,negative,LocusNS_45,1,5556989,5630995,16250,16490,10.118,27,5,NS_0880;NS_1010;NS_2015;NS_2016;NS_2024,AT1G16250;AT1G16260;AT1G16270;AT1G16280;AT1G16290;AT1G16300;AT1G16310;AT1G16320;AT1G16330;AT1G16340;AT1G16350;AT1G16360;AT1G16370;AT1G16380;AT1G16390;AT1G16400;AT1G16410;AT1G16420;AT1G16430;AT1G16440;AT1G16445;AT1G16450;AT1G16460;AT1G16470;AT1G16480;AT1G16489;AT1G16490
stress,negative,LocusNS_60,1,7078898,7118161,20410,20550,9.481,16,2,NS_0847;NS_1406,AT1G20410;AT1G20420;AT1G20430;AT1G20440;AT1G20450;AT1G20460;AT1G20470;AT1G20480;AT1G20490;AT1G20500;AT1G20510;AT1G20515;AT1G20520;AT1G20530;AT1G20540;AT1G20550
stress,negative,LocusNS_61,1,7366775,7412857,21050,21160,8.348,13,5,NS_0485;NS_1203;NS_1211;NS_1271;NS_1908,AT1G21050;AT1G21060;AT1G21065;AT1G21070;AT1G21080;AT1G21090;AT1G21100;AT1G21110;AT1G21120;AT1G21130;AT1G21140;AT1G21150;AT1G21160
stress,negative,LocusNS_67,1,7903660,7940592,22400,22490,11.169,11,6,NS_0557;NS_0606;NS_0883;NS_1568;NS_1593;NS_1594,AT1G22400;AT1G22403;AT1G22410;AT1G22420;AT1G22430;AT1G22440;AT1G22450;AT1G22460;AT1G22470;AT1G22480;AT1G22490
stress,negative,LocusNS_75,1,9327156,9352761,26916,26945,8.312,6,2,NS_0404;NS_2065,AT1G26916;AT1G26920;AT1G26921;AT1G26930;AT1G26940;AT1G26945
stress,negative,LocusNS_76,1,9364471,9383984,26975,27030,9.851,8,4,NS_0630;NS_1221;NS_1368;NS_2513,AT1G26975;AT1G26976;AT1G26985;AT1G26990;AT1G27000;AT1G27008;AT1G27020;AT1G27030
stress,negative,LocusNS_87,1,10779171,10835538,30470,30580,11.523,15,29,NS_0287;NS_1541;NS_1578;NS_1579;NS_1599;NS_1635;NS_1729;NS_1789;NS_1804;NS_1860;NS_1947;NS_1957;NS_1973;NS_2010;NS_2021;NS_2023;NS_2142;NS_2300;NS_2413;NS_2445;NS_2580;NS_2584;NS_2588;NS_2607;NS_2711;NS_2716;NS_2766;NS_2772;NS_2776,AT1G30470;AT1G30473;AT1G30475;AT1G30480;AT1G30490;AT1G30500;AT1G30510;AT1G30515;AT1G30520;AT1G30530;AT1G30540;AT1G30550;AT1G30560;AT1G30570;AT1G30580
stress,negative,LocusNS_128,1,17095980,17128651,45170,45201,10.388,5,5,NS_1578;NS_2019;NS_2108;NS_2117;NS_2142,AT1G45170;AT1G45180;AT1G45190;AT1G45191;AT1G45201
stress,negative,LocusNS_129,1,17136065,17176821,45211,45332,9.848,21,6,NS_0574;NS_1578;NS_2019;NS_2108;NS_2117;NS_2142,AT1G45211;AT1G45215;AT1G45221;AT1G45223;AT1G45225;AT1G45227;AT1G45256;AT1G45243;AT1G45231;AT1G45233;AT1G45229;AT1G45234;AT1G45238;AT1G45240;AT1G45242;AT1G45244;AT1G45246;AT1G45248;AT1G45249;AT1G45230;AT1G45332
stress,negative,LocusNS_150,1,19323382,19345112,51980,52020,8.48,5,1,NS_1689,AT1G51980;AT1G51990;AT1G52000;AT1G52010;AT1G52020
stress,negative,LocusNS_172,1,21919745,21945221,59650,59722,8.304,10,10,NS_0611;NS_1258;NS_1569;NS_1655;NS_1710;NS_1711;NS_1808;NS_1809;NS_1811;NS_1813,AT1G59650;AT1G59660;AT1G59670;AT1G59675;AT1G59680;AT1G59690;AT1G59700;AT1G59710;AT1G59720;AT1G59722
stress,negative,LocusNS_173,1,21968071,21972411,59740,59740,11.58,1,7,NS_1569;NS_1710;NS_1761;NS_1762;NS_1787;NS_1811;NS_2423,AT1G59740
stress,negative,LocusNS_175,1,22053951,22105125,59910,60020,8.132,12,6,NS_0346;NS_0639;NS_2068;NS_2199;NS_2263;NS_2322,AT1G59910;AT1G59920;AT1G59930;AT1G59940;AT1G59950;AT1G59960;AT1G59970;AT1G59980;AT1G59990;AT1G60000;AT1G60010;AT1G60020
stress,negative,LocusNS_176,1,22139184,22301343,60060,60530,22.654,52,36,NS_0001;NS_0206;NS_0217;NS_0802;NS_1637;NS_1638;NS_1645;NS_1685;NS_1686;NS_1728;NS_1744;NS_1836;NS_1858;NS_1864;NS_1898;NS_1934;NS_1955;NS_1987;NS_2003;NS_2068;NS_2070;NS_2076;NS_2101;NS_2102;NS_2180;NS_2199;NS_2222;NS_2263;NS_2322;NS_2350;NS_2395;NS_2491;NS_2508;NS_2670;NS_2710;NS_2794,AT1G60060;AT1G60070;AT1G60072;AT1G60073;AT1G60075;AT1G60080;AT1G60090;AT1G60095;AT1G60110;AT1G60120;AT1G60130;AT1G60140;AT1G60150;AT1G60160;AT1G60170;AT1G60180;AT1G60190;AT1G60200;AT1G60220;AT1G60230;AT1G60240;AT1G60250;AT1G60260;AT1G60270;AT1G60280;AT1G60290;AT1G60300;AT1G60310;AT1G60320;AT1G60330;AT1G60340;AT1G60350;AT1G60360;AT1G60370;AT1G60380;AT1G60390;AT1G60400;AT1G60410;AT1G60420;AT1G60430;AT1G60440;AT1G60450;AT1G60460;AT1G60470;AT1G60480;AT1G60490;AT1G60500;AT1G60505;AT1G60510;AT1G60520;AT1G60525;AT1G60530
stress,negative,LocusNS_216,1,25734182,25756076,68560,68580,8.055,4,1,NS_2422,AT1G68560;AT1G68570;AT1G68568;AT1G68580
stress,negative,LocusNS_235,1,27855699,27940190,74080,74310,9.012,25,4,NS_0304;NS_0405;NS_0526;NS_1907,AT1G74080;AT1G74088;AT1G74090;AT1G74100;AT1G74110;AT1G74120;AT1G74130;AT1G74140;AT1G74150;AT1G74160;AT1G74170;AT1G74180;AT1G74190;AT1G74200;AT1G74210;AT1G74220;AT1G74230;AT1G74240;AT1G74250;AT1G74260;AT1G74270;AT1G74280;AT1G74290;AT1G74300;AT1G74310
stress,negative,LocusNS_249,1,29625659,29643431,78800,78850,8.868,7,2,NS_0793;NS_1325,AT1G78800;AT1G78810;AT1G78815;AT1G78820;AT1G78830;AT1G78840;AT1G78850
stress,negative,LocusNS_300,2,7291906,7347408,16830,16940,16.126,17,14,NS_0690;NS_1698;NS_1704;NS_1837;NS_1929;NS_1950;NS_2005;NS_2036;NS_2044;NS_2075;NS_2120;NS_2121;NS_2427;NS_2470,AT2G16830;AT2G16832;AT2G16835;AT2G16840;AT2G16850;AT2G16860;AT2G16870;AT2G16880;AT2G16881;AT2G16890;AT2G16895;AT2G16900;AT2G16905;AT2G16910;AT2G16920;AT2G16930;AT2G16940
stress,negative,LocusNS_320,2,9572796,9610595,22530,22620,9.839,9,5,NS_1621;NS_1623;NS_1695;NS_1910;NS_2051,AT2G22530;AT2G22540;AT2G22560;AT2G22570;AT2G22580;AT2G22590;AT2G22600;AT2G22610;AT2G22620
stress,negative,LocusNS_322,2,9645313,9919258,22680,23310,23.064,79,22,NS_0467;NS_0855;NS_1088;NS_1138;NS_1484;NS_1580;NS_1582;NS_1617;NS_1618;NS_1619;NS_1620;NS_1621;NS_1623;NS_1692;NS_1695;NS_1909;NS_1910;NS_1965;NS_2051;NS_2052;NS_2072;NS_2427,AT2G22680;AT2G22690;AT2G22710;AT2G22720;AT2G22730;AT2G22740;AT2G22750;AT2G22760;AT2G22770;AT2G22780;AT2G22790;AT2G22795;AT2G22800;AT2G22802;AT2G22805;AT2G22807;AT2G22810;AT2G22820;AT2G22821;AT2G22830;AT2G22840;AT2G22850;AT2G22860;AT2G22870;AT2G22880;AT2G22890;AT2G22900;AT2G22905;AT2G22910;AT2G22920;AT2G22930;AT2G22940;AT2G22941;AT2G22942;AT2G22950;AT2G22955;AT2G22960;AT2G22970;AT2G22980;AT2G22990;AT2G23000;AT2G23010;AT2G23020;AT2G23030;AT2G23040;AT2G23050;AT2G23060;AT2G23067;AT2G23070;AT2G23080;AT2G23090;AT2G23093;AT2G23096;AT2G23100;AT2G23110;AT2G23118;AT2G23120;AT2G23130;AT2G23140;AT2G23142;AT2G23148;AT2G23149;AT2G23150;AT2G23160;AT2G23170;AT2G23171;AT2G23180;AT2G23190;AT2G23200;AT2G23210;AT2G23220;AT2G23230;AT2G23240;AT2G23250;AT2G23260;AT2G23270;AT2G23290;AT2G23300;AT2G23310
stress,negative,LocusNS_323,2,9937998,10036000,23340,23590,12.647,28,14,NS_0855;NS_0989;NS_1580;NS_1617;NS_1618;NS_1620;NS_1623;NS_1692;NS_1695;NS_1744;NS_1909;NS_1910;NS_2051;NS_2052,AT2G23340;AT2G23348;AT2G23347;AT2G23350;AT2G23360;AT2G23370;AT2G23380;AT2G23390;AT2G23400;AT2G23410;AT2G23420;AT2G23430;AT2G23440;AT2G23450;AT2G23460;AT2G23470;AT2G23480;AT2G23490;AT2G23500;AT2G23510;AT2G23520;AT2G23530;AT2G23540;AT2G23550;AT2G23560;AT2G23570;AT2G23580;AT2G23590
stress,negative,LocusNS_324,2,10042199,10092878,23600,23720,8.117,15,6,NS_1618;NS_1623;NS_1692;NS_1909;NS_1910;NS_2051,AT2G23600;AT2G23610;AT2G23620;AT2G23630;AT2G23640;AT2G23650;AT2G23660;AT2G23670;AT2G23672;AT2G23673;AT2G23680;AT2G23690;AT2G23700;AT2G23710;AT2G23720
stress,negative,LocusNS_341,2,10914586,10942255,25650,25690,8.831,7,7,NS_0381;NS_0696;NS_0831;NS_1851;NS_1873;NS_1927;NS_2122,AT2G25650;AT2G25660;AT2G25670;AT2G25680;AT2G25685;AT2G25687;AT2G25690
stress,negative,LocusNS_368,2,14639323,14716634,34710,34880,12.411,20,1,NS_2127,AT2G34710;AT2G34720;AT2G34730;AT2G34740;AT2G34750;AT2G34760;AT2G34770;AT2G34780;AT2G34790;AT2G34800;AT2G34810;AT2G34820;AT2G34825;AT2G34830;AT2G34835;AT2G34840;AT2G34850;AT2G34860;AT2G34870;AT2G34880
stress,negative,LocusNS_381,2,16291477,16336210,39010,39170,8.068,15,2,NS_0408;NS_0989,AT2G39010;AT2G39020;AT2G39030;AT2G39040;AT2G39050;AT2G39060;AT2G39080;AT2G39090;AT2G39100;AT2G39110;AT2G39120;AT2G39130;AT2G39140;AT2G39160;AT2G39170
stress,negative,LocusNS_400,2,18782325,18931934,45580,46020,18.938,46,17,NS_1034;NS_1374;NS_1641;NS_2132;NS_2407;NS_2408;NS_2409;NS_2573;NS_2661;NS_2674;NS_2678;NS_2679;NS_2680;NS_2725;NS_2726;NS_2732;NS_2733,AT2G45580;AT2G45590;AT2G45600;AT2G45610;AT2G45620;AT2G45630;AT2G45640;AT2G45650;AT2G45660;AT2G45670;AT2G45680;AT2G45685;AT2G45690;AT2G45695;AT2G45700;AT2G45710;AT2G45720;AT2G45730;AT2G45740;AT2G45750;AT2G45760;AT2G45770;AT2G45780;AT2G45790;AT2G45800;AT2G45810;AT2G45820;AT2G45830;AT2G45840;AT2G45850;AT2G45860;AT2G45870;AT2G45880;AT2G45890;AT2G45900;AT2G45910;AT2G45920;AT2G45930;AT2G45940;AT2G45950;AT2G45960;AT2G45970;AT2G45980;AT2G45990;AT2G46000;AT2G46020
stress,negative,LocusNS_406,3,307782,333022,1880,2000,8.569,14,1,NS_0712,AT3G01880;AT3G01890;AT3G01900;AT3G01910;AT3G01920;AT3G01930;AT3G01940;AT3G01950;AT3G01960;AT3G01961;AT3G01970;AT3G01980;AT3G01990;AT3G02000
stress,negative,LocusNS_407,3,337965,386538,2010,2140,11.281,16,2,NS_0505;NS_0712,AT3G02010;AT3G02020;AT3G02030;AT3G02040;AT3G02050;AT3G02060;AT3G02065;AT3G02070;AT3G02080;AT3G02090;AT3G02100;AT3G02110;AT3G02120;AT3G02125;AT3G02130;AT3G02140
stress,negative,LocusNS_411,3,755159,845043,3260,3530,9.524,33,12,NS_0486;NS_1601;NS_1746;NS_1839;NS_2045;NS_2046;NS_2160;NS_2161;NS_2205;NS_2220;NS_2236;NS_2489,AT3G03260;AT3G03270;AT3G03272;AT3G03280;AT3G03290;AT3G03300;AT3G03305;AT3G03310;AT3G03320;AT3G03330;AT3G03340;AT3G03341;AT3G03350;AT3G03356;AT3G03360;AT3G03370;AT3G03380;AT3G03400;AT3G03405;AT3G03410;AT3G03420;AT3G03430;AT3G03440;AT3G03450;AT3G03456;AT3G03460;AT3G03470;AT3G03480;AT3G03490;AT3G03500;AT3G03510;AT3G03520;AT3G03530
stress,negative,LocusNS_435,3,3239180,3256439,10420,10460,12.024,6,2,NS_2087;NS_2451,AT3G10420;AT3G10430;AT3G10439;AT3G10440;AT3G10450;AT3G10460
stress,negative,LocusNS_477,3,7425519,7482070,21180,21280,9.359,12,7,NS_0305;NS_0435;NS_0838;NS_1042;NS_1550;NS_1653;NS_2499,AT3G21180;AT3G21190;AT3G21200;AT3G21210;AT3G21215;AT3G21220;AT3G21230;AT3G21240;AT3G21250;AT3G21260;AT3G21270;AT3G21280
stress,negative,LocusNS_480,3,7591483,7693939,21550,21830,30.17,33,19,NS_0036;NS_0052;NS_0320;NS_1075;NS_1084;NS_1158;NS_1223;NS_1224;NS_1232;NS_1489;NS_1588;NS_1745;NS_1878;NS_1879;NS_1880;NS_1881;NS_1943;NS_2483;NS_2499,AT3G21550;AT3G21560;AT3G21570;AT3G21580;AT3G21590;AT3G21600;AT3G21610;AT3G21620;AT3G21630;AT3G21640;AT3G21650;AT3G21660;AT3G21670;AT3G21680;AT3G21690;AT3G21700;AT3G21710;AT3G21720;AT3G21730;AT3G21740;AT3G21750;AT3G21755;AT3G21760;AT3G21770;AT3G21780;AT3G21781;AT3G21790;AT3G21791;AT3G21800;AT3G21805;AT3G21810;AT3G21820;AT3G21830
stress,negative,LocusNS_563,3,15493460,15584429,43575,43681,8.325,23,5,NS_0731;NS_0800;NS_0801;NS_2134;NS_2265,AT3G43575;AT3G43580;AT3G43583;AT3G43586;AT3G43590;AT3G43600;AT3G43610;AT3G43620;AT3G43622;AT3G43623;AT3G43625;AT3G43630;AT3G43635;AT3G43640;AT3G43650;AT3G43652;AT3G43654;AT3G43657;AT3G43660;AT3G43670;AT3G43675;AT3G43680;AT3G43681
stress,negative,LocusNS_605,3,19819210,19867134,53460,53580,9.631,13,5,NS_1089;NS_1191;NS_1258;NS_1380;NS_1919,AT3G53460;AT3G53470;AT3G53480;AT3G53490;AT3G53500;AT3G53510;AT3G53520;AT3G53530;AT3G53540;AT3G53550;AT3G53560;AT3G53570;AT3G53580
stress,negative,LocusNS_610,3,20578978,20745083,55510,55920,12.141,54,24,NS_0364;NS_0365;NS_0394;NS_0402;NS_0408;NS_0485;NS_0507;NS_0639;NS_0675;NS_0729;NS_0773;NS_0803;NS_0951;NS_1021;NS_1056;NS_1078;NS_1310;NS_1469;NS_1702;NS_1824;NS_1888;NS_2098;NS_2265;NS_2561,AT3G55510;AT3G55512;AT3G55515;AT3G55520;AT3G55530;AT3G55540;AT3G55550;AT3G55560;AT3G55566;AT3G55570;AT3G55573;AT3G55580;AT3G55590;AT3G55600;AT3G55605;AT3G55610;AT3G55620;AT3G55630;AT3G55640;AT3G55646;AT3G55650;AT3G55660;AT3G55665;AT3G55670;AT3G55672;AT3G55677;AT3G55680;AT3G55690;AT3G55700;AT3G55710;AT3G55720;AT3G55730;AT3G55734;AT3G55735;AT3G55740;AT3G55750;AT3G55760;AT3G55770;AT3G55780;AT3G55790;AT3G55795;AT3G55800;AT3G55810;AT3G55820;AT3G55830;AT3G55840;AT3G55850;AT3G55860;AT3G55870;AT3G55880;AT3G55890;AT3G55900;AT3G55910;AT3G55920
stress,negative,LocusNS_630,3,23185348,23242251,62690,62860,16.308,20,13,NS_0726;NS_0751;NS_1034;NS_1477;NS_1549;NS_1913;NS_1918;NS_2001;NS_2021;NS_2023;NS_2070;NS_2265;NS_2396,AT3G62690;AT3G62700;AT3G62710;AT3G62720;AT3G62725;AT3G62730;AT3G62735;AT3G62740;AT3G62750;AT3G62760;AT3G62770;AT3G62780;AT3G62790;AT3G62800;AT3G62810;AT3G62820;AT3G62830;AT3G62840;AT3G62850;AT3G62860
stress,negative,LocusNS_636,4,349116,377908,820,891,8.669,11,6,NS_1158;NS_1258;NS_1262;NS_1297;NS_1318;NS_2140,AT4G00820;AT4G00830;AT4G00840;AT4G00850;AT4G00860;AT4G00870;AT4G00872;AT4G00880;AT4G00885;AT4G00890;AT4G00891
stress,negative,LocusNS_647,4,1202170,1456751,2715,3300,35.07,78,84,NS_0015;NS_0258;NS_0290;NS_0294;NS_0318;NS_0380;NS_0427;NS_0443;NS_0453;NS_0482;NS_0494;NS_0553;NS_0592;NS_0593;NS_0652;NS_0778;NS_0808;NS_0820;NS_0821;NS_0823;NS_0832;NS_0874;NS_0879;NS_0887;NS_0917;NS_0924;NS_0925;NS_0926;NS_0930;NS_0946;NS_0949;NS_0950;NS_0964;NS_0980;NS_0981;NS_1022;NS_1030;NS_1040;NS_1070;NS_1086;NS_1106;NS_1112;NS_1113;NS_1114;NS_1134;NS_1137;NS_1138;NS_1164;NS_1170;NS_1183;NS_1198;NS_1207;NS_1213;NS_1258;NS_1287;NS_1291;NS_1364;NS_1370;NS_1372;NS_1377;NS_1404;NS_1417;NS_1483;NS_1529;NS_1552;NS_1566;NS_1646;NS_1664;NS_1682;NS_1790;NS_1803;NS_1890;NS_1891;NS_1892;NS_1980;NS_1984;NS_2097;NS_2177;NS_2240;NS_2281;NS_2409;NS_2469;NS_2571;NS_2583,AT4G02715;AT4G02720;AT4G02725;AT4G02730;AT4G02733;AT4G02740;AT4G02750;AT4G02760;AT4G02770;AT4G02780;AT4G02790;AT4G02800;AT4G02810;AT4G02820;AT4G02830;AT4G02840;AT4G02850;AT4G02860;AT4G02870;AT4G02871;AT4G02880;AT4G02890;AT4G02900;AT4G02910;AT4G02920;AT4G02930;AT4G02940;AT4G02950;AT4G02960;AT4G02970;AT4G02980;AT4G02990;AT4G03000;AT4G03010;AT4G03020;AT4G03030;AT4G03038;AT4G03039;AT4G03040;AT4G03050;AT4G03060;AT4G03063;AT4G03070;AT4G03080;AT4G03090;AT4G03100;AT4G03110;AT4G03115;AT4G03113;AT4G03120;AT4G03130;AT4G03135;AT4G03140;AT4G03150;AT4G03153;AT4G03156;AT4G03160;AT4G03165;AT4G03170;AT4G03175;AT4G03180;AT4G03190;AT4G03200;AT4G03205;AT4G03210;AT4G03220;AT4G03230;AT4G03240;AT4G03250;AT4G03260;AT4G03270;AT4G03280;AT4G03285;AT4G03290;AT4G03292;AT4G03295;AT4G03298;AT4G03300
stress,negative,LocusNS_648,4,1460159,1559428,3310,3510,9.854,32,14,NS_0318;NS_0424;NS_0453;NS_0592;NS_0821;NS_0832;NS_0879;NS_0887;NS_0917;NS_1112;NS_1483;NS_1566;NS_1664;NS_1980,AT4G03310;AT4G03320;AT4G03330;AT4G03340;AT4G03350;AT4G03360;AT4G03364;AT4G03370;AT4G03376;AT4G03380;AT4G03390;AT4G03400;AT4G03410;AT4G03405;AT4G03415;AT4G03420;AT4G03430;AT4G03435;AT4G03437;AT4G03438;AT4G03440;AT4G03443;AT4G03445;AT4G03450;AT4G03455;AT4G03460;AT4G03470;AT4G03480;AT4G03490;AT4G03500;AT4G03505;AT4G03510
stress,negative,LocusNS_687,4,6010997,6052335,9470,9570,15.967,13,5,NS_0333;NS_0602;NS_1195;NS_1783;NS_2202,AT4G09470;AT4G09480;AT4G09490;AT4G09500;AT4G09510;AT4G09520;AT4G09530;AT4G09540;AT4G09545;AT4G09550;AT4G09560;AT4G09565;AT4G09570
stress,negative,LocusNS_704,4,7268837,7343590,12150,12410,17.488,31,9,NS_0916;NS_1025;NS_1026;NS_1051;NS_1093;NS_1123;NS_1190;NS_1225;NS_1226,AT4G12150;AT4G12160;AT4G12170;AT4G12180;AT4G12190;AT4G12200;AT4G12210;AT4G12220;AT4G12230;AT4G12240;AT4G12250;AT4G12260;AT4G12270;AT4G12275;AT4G12280;AT4G12290;AT4G12300;AT4G12310;AT4G12320;AT4G12330;AT4G12334;AT4G12340;AT4G12350;AT4G12360;AT4G12370;AT4G12380;AT4G12382;AT4G12390;AT4G12400;AT4G12405;AT4G12410
stress,negative,LocusNS_721,4,8827876,8879327,15430,15550,9.302,15,4,NS_1486;NS_1490;NS_1555;NS_2125,AT4G15430;AT4G15440;AT4G15450;AT4G15460;AT4G15470;AT4G15475;AT4G15480;AT4G15490;AT4G15500;AT4G15510;AT4G15520;AT4G15530;AT4G15540;AT4G15545;AT4G15550
stress,negative,LocusNS_727,4,9376737,9406003,16660,16730,10.593,9,14,NS_0837;NS_1601;NS_1746;NS_1750;NS_1761;NS_1764;NS_1872;NS_2045;NS_2152;NS_2159;NS_2211;NS_2212;NS_2213;NS_2236,AT4G16660;AT4G16670;AT4G16680;AT4G16690;AT4G16695;AT4G16700;AT4G16710;AT4G16720;AT4G16730
stress,negative,LocusNS_728,4,9411866,9437168,16745,16770,22.398,5,4,NS_1019;NS_1020;NS_1129;NS_1135,AT4G16745;AT4G16750;AT4G16760;AT4G16765;AT4G16770
stress,negative,LocusNS_737,4,10162953,10201611,18390,18470,10.0,13,1,NS_0895,AT4G18390;AT4G18395;AT4G18400;AT4G18410;AT4G18420;AT4G18422;AT4G18425;AT4G18430;AT4G18440;AT4G18450;AT4G18470;AT4G18460;AT4G18465
stress,negative,LocusNS_738,4,10203598,10234693,18490,18570,9.718,9,4,NS_0543;NS_0895;NS_1034;NS_1094,AT4G18490;AT4G18500;AT4G18501;AT4G18510;AT4G18520;AT4G18530;AT4G18540;AT4G18550;AT4G18570
stress,negative,LocusNS_765,4,13732910,13780954,27460,27597,11.233,17,36,NS_0001;NS_0002;NS_0165;NS_0206;NS_0280;NS_1541;NS_1634;NS_1637;NS_1645;NS_1744;NS_1836;NS_1858;NS_1864;NS_1934;NS_1955;NS_1957;NS_1987;NS_2003;NS_2018;NS_2020;NS_2067;NS_2071;NS_2092;NS_2107;NS_2116;NS_2141;NS_2168;NS_2200;NS_2217;NS_2269;NS_2300;NS_2323;NS_2331;NS_2349;NS_2360;NS_2396,AT4G27460;AT4G27470;AT4G27480;AT4G27490;AT4G27500;AT4G27510;AT4G27520;AT4G27530;AT4G27540;AT4G27550;AT4G27560;AT4G27570;AT4G27580;AT4G27585;AT4G27590;AT4G27595;AT4G27597
stress,negative,LocusNS_769,4,14106959,14242611,28540,28840,9.121,37,3,NS_0606;NS_0649;NS_1642,AT4G28540;AT4G28550;AT4G28556;AT4G28560;AT4G28564;AT4G28570;AT4G28580;AT4G28590;AT4G28600;AT4G28610;AT4G28620;AT4G28630;AT4G28640;AT4G28650;AT4G28660;AT4G28670;AT4G28680;AT4G28690;AT4G28700;AT4G28703;AT4G28706;AT4G28710;AT4G28720;AT4G28730;AT4G28740;AT4G28750;AT4G28760;AT4G28770;AT4G28775;AT4G28780;AT4G28790;AT4G28800;AT4G28811;AT4G28815;AT4G28820;AT4G28830;AT4G28840
stress,negative,LocusNS_772,4,14512549,14555167,29590,29720,8.956,16,1,NS_0833,AT4G29590;AT4G29600;AT4G29610;AT4G29620;AT4G29630;AT4G29640;AT4G29650;AT4G29654;AT4G29658;AT4G29660;AT4G29670;AT4G29680;AT4G29690;AT4G29700;AT4G29710;AT4G29720
stress,negative,LocusNS_778,4,15965741,16037634,33090,33240,9.702,16,3,NS_0527;NS_0558;NS_1781,AT4G33090;AT4G33100;AT4G33110;AT4G33120;AT4G33130;AT4G33140;AT4G33145;AT4G33150;AT4G33160;AT4G33170;AT4G33180;AT4G33200;AT4G33210;AT4G33220;AT4G33230;AT4G33240
stress,negative,LocusNS_784,4,16698320,16718017,35080,35120,9.916,5,1,NS_0334,AT4G35080;AT4G35090;AT4G35100;AT4G35110;AT4G35120
stress,negative,LocusNS_794,4,17524461,17640665,37240,37540,19.298,35,25,NS_0674;NS_0724;NS_0778;NS_0951;NS_1203;NS_1211;NS_1254;NS_1261;NS_1262;NS_1271;NS_1314;NS_1317;NS_1431;NS_1448;NS_1458;NS_1464;NS_1691;NS_1800;NS_1962;NS_2301;NS_2501;NS_2505;NS_2529;NS_2569;NS_2793,AT4G37240;AT4G37250;AT4G37260;AT4G37270;AT4G37280;AT4G37290;AT4G37295;AT4G37300;AT4G37310;AT4G37320;AT4G37330;AT4G37340;AT4G37360;AT4G37370;AT4G37380;AT4G37390;AT4G37400;AT4G37409;AT4G37410;AT4G37420;AT4G37430;AT4G37432;AT4G37440;AT4G37445;AT4G37450;AT4G37460;AT4G37470;AT4G37480;AT4G37483;AT4G37490;AT4G37500;AT4G37510;AT4G37520;AT4G37530;AT4G37540
stress,negative,LocusNS_798,4,17872740,17975100,38052,38380,14.253,36,7,NS_0638;NS_0684;NS_0750;NS_1820;NS_1835;NS_1873;NS_1927,AT4G38052;AT4G38060;AT4G38070;AT4G38080;AT4G38090;AT4G38092;AT4G38100;AT4G38120;AT4G38130;AT4G38140;AT4G38150;AT4G38160;AT4G38170;AT4G38180;AT4G38190;AT4G38200;AT4G38210;AT4G38215;AT4G38220;AT4G38225;AT4G38230;AT4G38240;AT4G38250;AT4G38260;AT4G38270;AT4G38280;AT4G38290;AT4G38300;AT4G38310;AT4G38320;AT4G38330;AT4G38340;AT4G38350;AT4G38360;AT4G38370;AT4G38380
stress,negative,LocusNS_814,5,769514,950171,3230,3670,19.126,58,29,NS_0350;NS_0351;NS_0352;NS_0464;NS_0573;NS_0574;NS_0654;NS_0655;NS_0660;NS_0796;NS_0860;NS_0898;NS_0906;NS_0972;NS_1023;NS_1037;NS_1085;NS_1153;NS_1191;NS_1258;NS_1395;NS_1401;NS_1632;NS_1759;NS_1840;NS_1983;NS_2145;NS_2146;NS_2254,AT5G03230;AT5G03240;AT5G03250;AT5G03260;AT5G03270;AT5G03280;AT5G03285;AT5G03290;AT5G03300;AT5G03310;AT5G03320;AT5G03330;AT5G03340;AT5G03345;AT5G03350;AT5G03360;AT5G03377;AT5G03370;AT5G03380;AT5G03390;AT5G03400;AT5G03406;AT5G03415;AT5G03420;AT5G03430;AT5G03435;AT5G03440;AT5G03445;AT5G03450;AT5G03452;AT5G03455;AT5G03460;AT5G03470;AT5G03480;AT5G03490;AT5G03495;AT5G03500;AT5G03510;AT5G03520;AT5G03530;AT5G03540;AT5G03545;AT5G03550;AT5G03552;AT5G03555;AT5G03560;AT5G03570;AT5G03580;AT5G03590;AT5G03600;AT5G03610;AT5G03620;AT5G03630;AT5G03640;AT5G03650;AT5G03660;AT5G03668;AT5G03670
stress,negative,LocusNS_818,5,1129852,1240517,4140,4390,14.089,31,7,NS_0305;NS_0306;NS_0444;NS_0464;NS_0859;NS_1560;NS_2254,AT5G04140;AT5G04150;AT5G04160;AT5G04170;AT5G04180;AT5G04190;AT5G04200;AT5G04210;AT5G04220;AT5G04230;AT5G04235;AT5G04238;AT5G04240;AT5G04250;AT5G04260;AT5G04267;AT5G04270;AT5G04275;AT5G04280;AT5G04290;AT5G04310;AT5G04320;AT5G04330;AT5G04340;AT5G04347;AT5G04350;AT5G04360;AT5G04370;AT5G04380;AT5G04386;AT5G04390
stress,negative,LocusNS_819,5,1241555,1263862,4400,4460,10.053,6,5,NS_0306;NS_0444;NS_0464;NS_0859;NS_1560,AT5G04400;AT5G04410;AT5G04420;AT5G04430;AT5G04440;AT5G04460
stress,negative,LocusNS_824,5,1774513,1817505,5900,6043,8.038,20,5,NS_0654;NS_0655;NS_0898;NS_1258;NS_2122,AT5G05900;AT5G05910;AT5G05920;AT5G05930;AT5G05940;AT5G05945;AT5G05950;AT5G05960;AT5G05965;AT5G05970;AT5G05980;AT5G05985;AT5G05987;AT5G05990;AT5G06000;AT5G06010;AT5G06020;AT5G06030;AT5G06040;AT5G06043
stress,negative,LocusNS_830,5,2430146,2473657,7670,7760,10.537,11,3,NS_2290;NS_2379;NS_2422,AT5G07670;AT5G07675;AT5G07680;AT5G07685;AT5G07690;AT5G07700;AT5G07710;AT5G07720;AT5G07730;AT5G07740;AT5G07760
stress,negative,LocusNS_862,5,5431681,5700922,16590,17310,25.334,78,6,NS_0624;NS_1636;NS_1781;NS_1857;NS_2065;NS_2088,AT5G16590;AT5G16600;AT5G16610;AT5G16620;AT5G16630;AT5G16640;AT5G16650;AT5G16660;AT5G16680;AT5G16690;AT5G16700;AT5G16710;AT5G16715;AT5G16720;AT5G16730;AT5G16740;AT5G16750;AT5G16760;AT5G16770;AT5G16780;AT5G16790;AT5G16800;AT5G16810;AT5G16820;AT5G16830;AT5G16840;AT5G16850;AT5G16860;AT5G16870;AT5G16880;AT5G16890;AT5G16900;AT5G16910;AT5G16920;AT5G16930;AT5G16940;AT5G16950;AT5G16960;AT5G16970;AT5G16980;AT5G16990;AT5G17000;AT5G17010;AT5G17020;AT5G17030;AT5G17040;AT5G17050;AT5G17060;AT5G17070;AT5G17073;AT5G17080;AT5G17090;AT5G17100;AT5G17110;AT5G17120;AT5G17125;AT5G17130;AT5G17140;AT5G17150;AT5G17160;AT5G17165;AT5G17170;AT5G17180;AT5G17190;AT5G17200;AT5G17210;AT5G17220;AT5G17230;AT5G17233;AT5G17240;AT5G17250;AT5G17260;AT5G17262;AT5G17270;AT5G17280;AT5G17290;AT5G17300;AT5G17310
stress,negative,LocusNS_881,5,7529368,7852532,22640,23310,16.813,79,155,NS_0302;NS_0318;NS_0320;NS_0424;NS_0426;NS_0453;NS_0494;NS_0533;NS_0534;NS_0555;NS_0556;NS_0594;NS_0598;NS_0599;NS_0600;NS_0635;NS_0641;NS_0642;NS_0683;NS_0686;NS_0687;NS_0694;NS_0707;NS_0709;NS_0714;NS_0715;NS_0716;NS_0719;NS_0729;NS_0754;NS_0757;NS_0766;NS_0768;NS_0775;NS_0808;NS_0809;NS_0822;NS_0825;NS_0871;NS_0881;NS_0887;NS_0926;NS_0927;NS_0930;NS_0947;NS_0948;NS_0949;NS_0973;NS_0977;NS_0980;NS_0981;NS_0989;NS_0998;NS_1021;NS_1030;NS_1031;NS_1044;NS_1055;NS_1057;NS_1087;NS_1103;NS_1106;NS_1108;NS_1109;NS_1113;NS_1114;NS_1116;NS_1117;NS_1118;NS_1127;NS_1133;NS_1137;NS_1138;NS_1139;NS_1155;NS_1161;NS_1164;NS_1165;NS_1171;NS_1181;NS_1197;NS_1198;NS_1207;NS_1208;NS_1209;NS_1213;NS_1214;NS_1240;NS_1247;NS_1248;NS_1250;NS_1251;NS_1256;NS_1259;NS_1286;NS_1294;NS_1301;NS_1303;NS_1307;NS_1312;NS_1331;NS_1337;NS_1349;NS_1356;NS_1357;NS_1372;NS_1377;NS_1417;NS_1454;NS_1463;NS_1469;NS_1530;NS_1557;NS_1612;NS_1641;NS_1662;NS_1702;NS_1782;NS_1803;NS_1850;NS_1870;NS_1939;NS_1970;NS_1980;NS_1981;NS_1985;NS_2032;NS_2047;NS_2093;NS_2097;NS_2123;NS_2153;NS_2167;NS_2189;NS_2197;NS_2329;NS_2469;NS_2497;NS_2502;NS_2506;NS_2507;NS_2510;NS_2519;NS_2526;NS_2530;NS_2532;NS_2550;NS_2566;NS_2571;NS_2574;NS_2612;NS_2622;NS_2629;NS_2630;NS_2643,AT5G22640;AT5G22650;AT5G22660;AT5G22670;AT5G22680;AT5G22690;AT5G22700;AT5G22710;AT5G22720;AT5G22730;AT5G22740;AT5G22750;AT5G22760;AT5G22770;AT5G22780;AT5G22790;AT5G22788;AT5G22791;AT5G22792;AT5G22794;AT5G22800;AT5G22810;AT5G22820;AT5G22830;AT5G22840;AT5G22850;AT5G22860;AT5G22870;AT5G22875;AT5G22880;AT5G22890;AT5G22900;AT5G22910;AT5G22920;AT5G22930;AT5G22940;AT5G22950;AT5G22960;AT5G22970;AT5G22980;AT5G22990;AT5G23000;AT5G23010;AT5G23020;AT5G23027;AT5G23030;AT5G23035;AT5G23040;AT5G23050;AT5G23060;AT5G23065;AT5G23070;AT5G23080;AT5G23090;AT5G23100;AT5G23110;AT5G23120;AT5G23130;AT5G23140;AT5G23150;AT5G23155;AT5G23160;AT5G23170;AT5G23180;AT5G23190;AT5G23200;AT5G23210;AT5G23212;AT5G23220;AT5G23230;AT5G23235;AT5G23240;AT5G23250;AT5G23260;AT5G23270;AT5G23280;AT5G23290;AT5G23300;AT5G23310
stress,negative,LocusNS_900,5,9984051,10147542,27950,28165,25.683,36,9,NS_0317;NS_0355;NS_0536;NS_0732;NS_0779;NS_0846;NS_1669;NS_1679;NS_2350,AT5G27950;AT5G27960;AT5G27965;AT5G27967;AT5G27970;AT5G27980;AT5G27990;AT5G28000;AT5G28010;AT5G28020;AT5G28030;AT5G28040;AT5G28050;AT5G28052;AT5G28053;AT5G28056;AT5G28060;AT5G28065;AT5G28067;AT5G28070;AT5G28073;AT5G28076;AT5G28080;AT5G28085;AT5G28090;AT5G28100;AT5G28110;AT5G28120;AT5G28130;AT5G28140;AT5G28141;AT5G28143;AT5G28145;AT5G28150;AT5G28160;AT5G28165
stress,negative,LocusNS_927,5,15090286,15108966,37890,37940,8.291,6,2,NS_0985;NS_1205,AT5G37890;AT5G37900;AT5G37910;AT5G37920;AT5G37930;AT5G37940
stress,negative,LocusNS_929,5,15155067,15180696,38005,38035,10.136,5,2,NS_1205;NS_2150,AT5G38005;AT5G38010;AT5G38020;AT5G38030;AT5G38035
stress,negative,LocusNS_950,5,17148923,17214220,42760,42930,11.15,24,4,NS_0443;NS_0797;NS_1729;NS_1922,AT5G42760;AT5G42765;AT5G42770;AT5G42780;AT5G42785;AT5G42790;AT5G42797;AT5G42800;AT5G42810;AT5G42820;AT5G42825;AT5G42830;AT5G42840;AT5G42850;AT5G42860;AT5G42870;AT5G42880;AT5G42890;AT5G42895;AT5G42900;AT5G42905;AT5G42910;AT5G42920;AT5G42930
stress,negative,LocusNS_959,5,17667310,17748396,43910,44090,12.415,22,7,NS_0374;NS_0826;NS_0893;NS_1474;NS_1475;NS_1623;NS_1920,AT5G43910;AT5G43920;AT5G43930;AT5G43935;AT5G43940;AT5G43950;AT5G43960;AT5G43970;AT5G43980;AT5G43990;AT5G44000;AT5G44005;AT5G44010;AT5G44020;AT5G44030;AT5G44040;AT5G44050;AT5G44060;AT5G44065;AT5G44070;AT5G44080;AT5G44090
stress,negative,LocusNS_961,5,17918739,17941292,44470,44530,9.6,8,1,NS_2292,AT5G44470;AT5G44480;AT5G44490;AT5G44495;AT5G44500;AT5G44510;AT5G44520;AT5G44530
stress,negative,LocusNS_963,5,18160290,18193207,44980,45080,8.039,11,2,NS_0118;NS_2499,AT5G44980;AT5G44990;AT5G45000;AT5G45010;AT5G45020;AT5G45030;AT5G45040;AT5G45050;AT5G45060;AT5G45070;AT5G45080
stress,negative,LocusNS_973,5,18801218,18867013,46350,46510,8.002,17,1,NS_2712,AT5G46350;AT5G46360;AT5G46370;AT5G46380;AT5G46390;AT5G46400;AT5G46410;AT5G46417;AT5G46420;AT5G46430;AT5G46440;AT5G46450;AT5G46460;AT5G46470;AT5G46490;AT5G46500;AT5G46510
stress,negative,LocusNS_992,5,21860997,21927243,53850,54030,9.241,22,28,NS_0299;NS_0328;NS_0349;NS_0373;NS_0421;NS_0449;NS_0450;NS_0452;NS_0678;NS_0690;NS_0699;NS_0769;NS_0780;NS_0812;NS_0863;NS_0864;NS_0865;NS_0866;NS_1066;NS_1227;NS_1283;NS_1540;NS_1837;NS_1893;NS_1929;NS_1950;NS_1997;NS_2397,AT5G53850;AT5G53860;AT5G53870;AT5G53880;AT5G53890;AT5G53895;AT5G53900;AT5G53902;AT5G53905;AT5G53910;AT5G53920;AT5G53930;AT5G53940;AT5G53950;AT5G53960;AT5G53970;AT5G53980;AT5G53990;AT5G54000;AT5G54010;AT5G54020;AT5G54030
stress,negative,LocusNS_993,5,21928847,22079880,54040,54380,24.335,49,41,NS_0299;NS_0328;NS_0349;NS_0373;NS_0421;NS_0449;NS_0450;NS_0452;NS_0678;NS_0690;NS_0699;NS_0728;NS_0769;NS_0780;NS_0804;NS_0812;NS_0863;NS_0864;NS_0865;NS_0866;NS_1042;NS_1066;NS_1227;NS_1283;NS_1540;NS_1542;NS_1582;NS_1583;NS_1622;NS_1837;NS_1893;NS_1903;NS_1929;NS_1938;NS_1950;NS_1960;NS_1997;NS_2128;NS_2392;NS_2551;NS_2801,AT5G54040;AT5G54045;AT5G54050;AT5G54060;AT5G54062;AT5G54064;AT5G54067;AT5G54070;AT5G54075;AT5G54080;AT5G54090;AT5G54095;AT5G54100;AT5G54110;AT5G54130;AT5G54140;AT5G54145;AT5G54148;AT5G54150;AT5G54160;AT5G54165;AT5G54170;AT5G54180;AT5G54190;AT5G54200;AT5G54203;AT5G54206;AT5G54210;AT5G54215;AT5G54220;AT5G54225;AT5G54230;AT5G54240;AT5G54250;AT5G54260;AT5G54270;AT5G54280;AT5G54290;AT5G54300;AT5G54310;AT5G54320;AT5G54330;AT5G54340;AT5G54350;AT5G54360;AT5G54365;AT5G54370;AT5G54375;AT5G54380
stress,negative,LocusNS_1011,5,24522978,24585806,60940,61120,8.522,23,10,NS_0418;NS_0547;NS_0548;NS_0549;NS_0609;NS_0610;NS_0781;NS_0902;NS_1214;NS_1617,AT5G60940;AT5G60945;AT5G60950;AT5G60960;AT5G60963;AT5G60964;AT5G60966;AT5G60970;AT5G60978;AT5G60980;AT5G60990;AT5G61000;AT5G61010;AT5G61020;AT5G61030;AT5G61040;AT5G61050;AT5G61060;AT5G61070;AT5G61090;AT5G61100;AT5G61110;AT5G61120
stress,negative,LocusNS_1012,5,24589999,24721940,61140,61460,22.092,38,14,NS_0417;NS_0418;NS_0547;NS_0548;NS_0549;NS_0609;NS_0610;NS_0781;NS_0900;NS_0902;NS_1209;NS_1238;NS_1275;NS_2544,AT5G61140;AT5G61150;AT5G61160;AT5G61170;AT5G61180;AT5G61190;AT5G61200;AT5G61210;AT5G61220;AT5G61228;AT5G61230;AT5G61240;AT5G61250;AT5G61260;AT5G61270;AT5G61280;AT5G61290;AT5G61300;AT5G61310;AT5G61320;AT5G61330;AT5G61340;AT5G61345;AT5G61350;AT5G61360;AT5G61370;AT5G61380;AT5G61390;AT5G61400;AT5G61410;AT5G61412;AT5G61420;AT5G61430;AT5G61440;AT5G61445;AT5G61450;AT5G61455;AT5G61460
stress,negative,LocusNS_1022,5,25423984,25486062,63510,63660,11.146,18,8,NS_0232;NS_0798;NS_0867;NS_1385;NS_1653;NS_1829;NS_2355;NS_2740,AT5G63510;AT5G63520;AT5G63530;AT5G63540;AT5G63550;AT5G63560;AT5G63570;AT5G63580;AT5G63590;AT5G63595;AT5G63600;AT5G63610;AT5G63620;AT5G63630;AT5G63634;AT5G63640;AT5G63650;AT5G63660
